ticker,transaction_date,num_buy_transactions,total_shares_bought,total_value_bought,has_officer_buy,has_director_buy,has_ten_pct_owner_buy,avg_transaction_value
AAON,2025-12-12,1,6141.0,484400.19,1,0,0,484400.19
AARD,2025-12-11,2,10000.0,144630.0,1,1,0,72315.0
ABAKF,2025-10-15,1,534.0,8314.380000000001,0,1,0,8314.380000000001
ABCB,2025-12-08,1,307.58,23751.327599999997,0,1,0,23751.327599999997
ABCL,2025-11-26,1,50000.0,178500.0,0,1,0,178500.0
ABR-PF,2025-11-28,4,74308.0,647032.4,1,1,0,161758.1
ABSI,2025-12-05,1,40000.0,148800.0,0,1,0,148800.0
ABTC,2025-12-22,2,276000.0,490480.0,0,1,0,245240.0
ACET,2025-10-08,1,5000000.0,5000000.0,0,0,0,5000000.0
ACNB,2025-11-20,1,396.0,15840.0,0,1,0,15840.0
ACNB,2025-12-15,1,4.75,250.0875,0,1,0,250.0875
ACONW,2025-11-26,1,10.0,62.0,1,1,0,62.0
ACP-PA,2025-09-30,1,2200.0,12738.0,0,1,0,12738.0
ACVA,2025-11-17,3,1012979.0,5744204.79,0,1,0,1914734.93
ACVA,2025-12-15,1,31172.0,248440.84,1,1,0,248440.84
ADC-PA,2025-10-03,2,3888.0,274688.63999999996,1,1,0,137344.31999999998
ADC-PA,2025-10-07,1,25154.0,1771093.14,0,1,0,1771093.14
ADC-PA,2025-12-24,1,15000.0,1082700.0,0,1,0,1082700.0
ADGM,2025-12-16,2,222315.0,243973.35,1,1,0,121986.675
ADMQ,2025-06-16,2,413900.0,20695.0,1,1,0,10347.5
ADTN,2025-11-28,3,59937.0,449754.02999999997,1,1,0,149918.00999999998
AEBI,2025-11-25,4,21500.0,240300.0,1,1,0,60075.0
AEBI,2025-12-05,1,7500.0,95625.0,0,1,0,95625.0
AERTW,2025-11-10,1,1111.0,711.04,0,1,0,711.04
AEYE,2025-11-21,4,22000.0,263280.0,0,1,0,65820.0
AFB,2025-10-31,1,13500.0,149490.0,0,1,0,149490.0
AFCG,2025-12-03,3,117000.0,338140.0,1,1,0,112713.33333333333
AFCG,2025-12-11,2,69000.0,204770.0,0,1,0,102385.0
AGIG,2025-12-23,3,60461.0,111790.65,1,1,0,37263.549999999996
AHH-PA,2025-10-02,1,520.05,3629.949,0,1,0,3629.949
AIG,2025-09-30,1,15.29,1193.0787,0,1,0,1193.0787
AIG,2025-12-30,1,13.88,1200.2036,0,1,0,1200.2036
AIN,2025-11-17,1,2300.0,96692.0,1,1,0,96692.0
AIPG,2025-12-11,1,265.0,662.5,1,1,0,662.5
AIRJW,2025-12-12,4,387264.0,1135297.42,1,1,0,283824.355
AISPW,2025-11-21,3,111000.0,351430.0,1,1,0,117143.33333333333
AISPW,2025-12-29,1,100000.0,274000.0,1,0,0,274000.0
AJG,2025-11-03,1,4000.0,988489.6399999999,1,0,0,988489.6399999999
ALG,2025-11-26,2,1058.0,175209.66,1,1,0,87604.83
ALH,2025-10-09,1,4545.0,99990.0,0,1,0,99990.0
ALIT,2025-12-02,5,193116.0,448983.74,0,1,0,89796.74799999999
ALLE,2025-11-25,1,1600.0,264704.0,0,1,0,264704.0
ALMS,2025-12-04,11,2819134.0,18118681.09,0,1,0,1647152.8263636364
ALMS,2025-12-05,1,186377.0,1833760.23,0,1,0,1833760.23
ALNT,2025-12-23,1,847.0,47304.950000000004,0,1,0,47304.950000000004
ALRM,2025-11-20,1,26000.0,1257281.2400000002,1,1,0,1257281.2400000002
ALT,2025-12-29,3,25527.0,104877.59999999999,0,1,0,34959.2
ALTG-PA,2025-12-08,1,40000.0,202800.0,0,1,0,202800.0
ALTIX,2025-03-20,1,10000.0,100000.0,1,1,0,100000.0
ALTIX,2025-06-02,1,100000.0,1000000.0,1,1,0,1000000.0
ALTS,2025-08-14,1,10000.0,73000.0,0,1,0,73000.0
AMCCF,2025-11-12,4,208945.0,1749596.78,1,1,0,437399.195
AMCCF,2025-12-11,1,121065.0,1007260.8,1,0,0,1007260.8
AMH-PG,2025-11-19,1,1000.0,31650.0,0,1,0,31650.0
AMH-PG,2025-12-09,1,5000.0,114790.0,0,1,0,114790.0
AMLX,2025-12-23,1,8100.0,100845.0,0,1,0,100845.0
AMPL,2025-11-07,1,30000.0,299700.0,1,0,0,299700.0
AMR,2025-12-15,5,135576.0,24688462.68,0,1,0,4937692.536
AMRZ,2025-11-04,3,118000.0,6213460.0,1,1,0,2071153.3333333333
AMRZ,2025-11-19,1,2000.0,94680.0,0,1,0,94680.0
AMSC,2019-06-18,1,200.0,1666.0,0,1,0,1666.0
AMT,2025-10-31,1,5554.0,994110.4600000001,0,1,0,994110.4600000001
AMZE,2025-11-24,1,335440.0,100632.0,1,1,0,100632.0
ANDG,2025-12-18,5,398411.0,8100875.6,0,1,0,1620175.1199999999
ANGO,2025-10-21,3,20890.0,239532.4,1,1,0,79844.13333333333
ANNX,2025-09-30,1,4115.0,12550.75,0,1,0,12550.75
ANNX,2025-10-30,1,4115.0,13044.55,0,1,0,13044.55
ANNX,2025-12-01,4,2359728.0,8812447.69,0,1,0,2203111.9225
ANVS,2025-10-28,2,1073171.0,2200000.55,1,1,0,1100000.275
ANVS,2025-11-24,4,113400.0,421322.14,0,1,0,105330.535
ANVS,2025-12-08,1,45000.0,193800.0,0,1,0,193800.0
AOMN,2025-11-18,1,3441.0,28629.120000000003,0,1,0,28629.120000000003
AP,2025-12-01,5,165000.0,437690.0,1,1,0,87538.0
APCXW,2025-12-04,2,177500.0,75150.0,0,1,0,37575.0
APD,2025-04-02,1,5.0,1474.8,0,1,0,1474.8
APLE,2025-11-13,2,3000.0,35630.0,0,1,0,17815.0
APLE,2025-12-11,1,5000.0,59550.0,1,1,0,59550.0
APRE,2025-12-10,2,26459.0,30957.03,1,1,0,15478.515
APTV,2025-12-12,1,3700.0,296925.0,0,1,0,296925.0
APVO,2025-11-10,1,13513.0,20134.37,0,1,0,20134.37
AR,2025-11-07,2,10000.0,333500.0,1,0,0,166750.0
ARAI,2025-11-19,2,12532.0,43903.7,1,1,0,21951.85
ARAY,2025-11-19,1,20000.0,19400.0,1,1,0,19400.0
ARCC,2025-10-31,1,13000.0,265070.0,1,0,0,265070.0
ARE,2025-12-10,1,3100.0,141360.0,0,1,0,141360.0
AROW,2025-08-08,1,210.0,5571.3,0,1,0,5571.3
AROW,2025-11-04,1,1620.0,48307.950000000004,1,0,0,48307.950000000004
AROW,2025-11-10,1,1644.0,49550.16,0,1,0,49550.16
AROW,2025-12-24,1,3035.0,96452.3,1,0,0,96452.3
ARQ,2025-11-11,3,93638.0,345838.52,1,1,0,115279.50666666667
ARX,2025-11-19,5,140010.0,1878666.8,1,1,0,375733.36
ARX,2025-12-08,1,542.0,7951.14,0,1,0,7951.14
ASA,2025-11-04,13,508907.0,24153214.78,0,0,0,1857939.5984615386
ASA,2025-12-04,10,135429.0,6683334.7299999995,0,0,0,668333.473
ASA,2025-12-29,9,86455.0,4907550.93,0,0,0,545283.4366666666
ASG,2025-10-01,1,1000.0,5550.0,1,0,0,5550.0
ASG,2025-11-21,1,500.0,2530.0,1,0,0,2530.0
ASG,2025-12-30,1,2000.0,10700.0,1,0,0,10700.0
ASIC,2025-09-30,1,22260.0,432176.2,0,1,0,432176.2
ASIC,2025-10-27,1,5200.0,100932.0,1,1,0,100932.0
ASLE,2025-11-21,2,9619.0,57617.810000000005,1,1,0,28808.905000000002
ASPJX,2025-11-26,2,56732.22,600226.8876,0,1,0,300113.4438
ASTS,2025-11-20,1,375.0,19046.25,0,1,0,19046.25
ASTS,2025-12-24,3,2015.0,149143.55,0,1,0,49714.51666666666
ATEX,2025-12-18,2,3610.0,75072.1,1,1,0,37536.05
ATGE,2025-11-04,1,1000.0,91850.0,0,1,0,91850.0
ATGE,2025-11-05,1,508.0,49931.32,0,1,0,49931.32
ATLO,2025-10-31,2,344.0,7171.08,0,1,0,3585.54
ATLO,2025-12-02,4,920.0,19528.6,0,1,0,4882.15
ATLO,2025-12-10,1,200.0,4576.0,0,1,0,4576.0
ATMU,2025-09-05,1,40.0,1812.15,0,1,0,1812.15
ATYR,2025-10-09,1,1000000.0,912719.96,0,1,0,912719.96
AUBN,2025-10-08,4,198.0,5437.62,1,1,0,1359.405
AUBN,2025-12-03,4,525.0,13131.25,0,1,0,3282.8125
AUID,2025-11-25,2,167258.0,266905.68,0,1,0,133452.84
AUROW,2025-11-25,1,258000.0,1001040.0,1,1,0,1001040.0
AVBC,2025-11-03,4,11635.0,174869.22,1,1,0,43717.305
AVBC,2025-12-01,10,42278.0,652926.97,1,1,0,65292.697
AVBC,2025-12-17,1,2500.0,42675.0,1,0,0,42675.0
AVGO,2025-12-18,1,1000.0,325130.0,0,1,0,325130.0
AVO,2025-11-04,1,49055.0,573452.95,0,0,0,573452.95
AVO,2025-11-11,4,107670.0,1302440.49,0,0,0,325610.1225
AVO,2025-12-29,1,201310.0,2336868.21,0,0,0,2336868.21
AVT,2025-11-07,1,2139.0,99998.25,1,0,0,99998.25
AVTR,2025-10-30,1,100000.0,1125000.0,0,1,0,1125000.0
AVTR,2025-11-17,1,87500.0,993125.0,1,1,0,993125.0
AVTR,2025-12-05,1,350000.0,3881500.0,0,1,0,3881500.0
AWF,2025-12-11,1,1636.0,17488.84,1,0,0,17488.84
AWRE,2025-11-04,1,15489.0,34608.33,1,1,0,34608.33
AYTU,2020-11-18,1,10000.0,9200.0,0,1,0,9200.0
AZO,2025-12-22,3,347.0,1179255.58,1,1,0,393085.19333333336
AZTA,2025-06-02,3,20000.0,535673.72,1,1,0,178557.90666666665
BA-PA,2025-11-24,1,554.0,99105.06,1,0,0,99105.06
BAERW,2025-12-03,1,200000.0,360000.0,0,1,0,360000.0
BAH,2025-10-30,1,23800.0,2014908.0,1,1,0,2014908.0
BATRB,2025-10-27,1,840.0,35271.6,0,0,0,35271.6
BATRB,2025-11-19,5,114315.0,4797209.12,0,0,0,959441.824
BBDC,2025-12-09,1,6761.0,60646.170000000006,0,1,0,60646.170000000006
BBSI,2025-11-11,2,2000.0,69220.0,0,1,0,34610.0
BBT,2025-11-04,4,10835.0,267037.1,1,1,0,66759.275
BBWI,2025-11-24,6,66012.55,1006818.52,0,1,0,167803.08666666667
BCDA,2025-12-17,1,1100.0,1444.0,1,1,0,1444.0
BCGWW,2025-11-17,1,5000.0,7750.0,1,1,0,7750.0
BCIC,2025-12-12,5,97943.0,1334963.09,1,1,0,266992.618
BDN,2025-11-10,1,88500.0,299130.0,1,1,0,299130.0
BEN,2025-11-20,2,100000.0,2134500.0,0,0,0,1067250.0
BETA,2025-11-05,7,2999932.0,98997687.46,1,1,0,14142526.78
BFLY-WT,2025-12-04,2,4158541.0,10821388.15,0,1,0,5410694.075
BFLY-WT,2025-12-15,3,406631.0,1247141.28,0,1,0,415713.76
BFS-PE,2025-11-20,5,8648.0,227842.78,1,1,0,45568.556
BFST,2025-10-28,1,1600.0,38736.0,0,1,0,38736.0
BGC,2025-10-06,3,26921163.0,247943911.23000002,0,1,0,82647970.41000001
BH,2025-12-04,2,11946.0,3995562.3200000003,1,1,0,1997781.1600000001
BH,2025-12-17,4,15910.0,6603749.119999999,1,1,0,1650937.2799999998
BHB,2025-10-30,1,580.0,16889.600000000002,0,1,0,16889.600000000002
BHC,2025-11-25,1,2500000.0,15625000.0,0,0,0,15625000.0
BHRB,2025-10-28,1,1000.0,61000.0,0,1,0,61000.0
BHVN,2025-11-17,4,4083666.0,30644835.0,1,1,0,7661208.75
BINI,2025-10-10,1,27900.0,15066.000000000002,0,0,0,15066.000000000002
BIXT,2025-11-18,1,210000.0,126000.0,0,1,0,126000.0
BLBD,2025-12-04,1,400.0,20420.0,0,1,0,20420.0
BLLN,2025-11-07,6,52966.0,3177960.0,1,1,0,529660.0
BLMN,2025-11-11,2,151500.0,966555.0,1,1,0,483277.5
BLND,2025-12-03,5,7171954.0,21798447.71,0,1,0,4359689.542
BLNE,2025-11-26,4,31000.0,51170.0,1,1,0,12792.5
BLNK,2025-12-12,2,98666.0,75279.5,1,1,0,37639.75
BMACX,2025-08-21,1,16382.7,250000.002,1,0,0,250000.002
BMACX,2025-11-12,1,6538.71,100499.9727,1,0,0,100499.9727
BMEA,2025-12-02,2,150000.0,153500.0,1,1,0,76750.0
BMEA,2025-12-11,1,30000.0,42900.0,1,1,0,42900.0
BMN,2025-11-14,1,1164.0,28820.640000000003,0,0,0,28820.640000000003
BMNM,2025-12-19,4,534495.0,828467.25,1,1,0,207116.8125
BNCWW,2025-10-01,1,1230.0,9667.800000000001,1,1,0,9667.800000000001
BNCWW,2025-10-06,1,5848.0,50000.4,1,1,0,50000.4
BNTC,2025-11-07,1,2962962.0,39999987.0,0,1,0,39999987.0
BNTC,2025-12-29,2,380728.0,4884210.32,0,1,0,2442105.16
BOC,2025-12-03,2,89887.0,1145799.8599999999,0,1,0,572899.9299999999
BOC,2025-12-11,1,14738.0,200731.56,0,1,0,200731.56
BOLT,2025-06-06,2,250.0,1372.5,1,1,0,686.25
BOTJ,2025-11-25,4,1875.0,31388.85,0,1,0,7847.2125
BPRN,2025-11-04,2,3600.0,114900.0,0,1,0,57450.0
BPRN,2025-11-20,5,11604.0,379338.8,0,1,0,75867.76
BRCC,2025-11-17,2,200000.0,257000.0,0,1,0,128500.0
BRN,2025-11-24,3,162922.0,179214.2,1,1,0,59738.06666666667
BRRWW,2025-12-19,3,336250.0,1128160.0,1,1,0,376053.3333333333
BRT,2025-10-20,9,101859.0,1522279.23,1,1,0,169142.13666666666
BSBK,2025-12-12,2,3800.0,31394.000000000004,0,1,0,15697.000000000002
BSRR,2025-11-17,1,400.0,11512.0,0,1,0,11512.0
BTCS,2025-11-19,1,90500.0,261424.99000000002,1,1,0,261424.99000000002
BUKS,2025-10-06,1,4308.0,9908.4,0,1,0,9908.4
BUKS,2025-12-29,2,7794.0,23322.54,0,1,0,11661.27
BUSEP,2025-10-31,2,2850.0,68084.0,1,1,0,34042.0
BUSEP,2025-12-03,1,1000.0,25520.0,1,1,0,25520.0
BV,2025-12-02,1,10000.0,128400.0,0,1,0,128400.0
BW-PA,2025-11-12,2,6028.0,42801.649999999994,1,1,0,21400.824999999997
BWBBP,2025-10-27,1,30000.0,523469.4,0,1,0,523469.4
BWFG,2025-12-08,5,2208.0,105212.37,0,1,0,21042.474
BX,2025-11-04,2,27070.0,3991334.0999999996,0,1,0,1995667.0499999998
BX,2025-11-10,1,402.32,58835.328,0,1,0,58835.328
BXSL,2025-10-06,1,3760.0,100128.8,0,0,0,100128.8
BXSL,2025-11-11,1,2000.0,53360.0,0,0,0,53360.0
BY,2025-10-28,1,65.0,1791.3999999999999,0,1,0,1791.3999999999999
CAG,2025-10-07,1,10000.0,187200.0,0,1,0,187200.0
CAI,2025-11-07,2,4584.0,110332.56,1,0,0,55166.28
CALM,2025-10-02,1,2800.0,258598.89,1,0,0,258598.89
CAPL,2025-10-10,2,3672.0,72485.28,0,1,0,36242.64
CARR,2025-11-25,1,19300.0,1015566.0,1,1,0,1015566.0
CASS,2025-10-02,1,500.0,19345.0,1,0,0,19345.0
CAT,2025-11-06,1,300.0,170658.0,0,1,0,170658.0
CATX,2025-11-13,2,20498.0,42275.799999999996,1,1,0,21137.899999999998
CAVA,2025-11-12,1,150.0,7346.999999999999,1,1,0,7346.999999999999
CBAN,2025-11-03,3,1500.0,24225.0,1,0,0,8075.0
CBAN,2025-11-28,4,2310.0,37843.9,1,1,0,9460.975
CBC,2025-11-21,17,243087.0,5104827.0,1,1,0,300283.9411764706
CBFV,2025-11-18,1,1000.0,32800.0,1,0,0,32800.0
CBIO,2025-12-04,1,1360000.0,18237600.0,0,1,0,18237600.0
CBK,2025-10-03,4,31248.0,749952.0,1,1,0,187488.0
CBK,2025-10-06,1,100.0,2437.0,0,1,0,2437.0
CBK,2025-11-21,1,4146.69,100018.16279999999,1,0,0,100018.16279999999
CBKM,2025-10-22,1,500.0,11725.0,1,1,0,11725.0
CBKM,2025-12-24,9,2373.91,56513.4836,1,1,0,6279.275955555556
CBL,2025-11-17,1,4000.0,127375.0,0,1,0,127375.0
CBNA,2025-11-11,1,430.0,12276.5,0,1,0,12276.5
CBZ,2025-11-26,1,2060.0,99930.59999999999,1,0,0,99930.59999999999
CCC,2025-11-20,1,136720.0,999423.2,1,0,0,999423.2
CCFN,2025-10-29,2,205.0,10968.95,0,1,0,5484.475
CCFN,2025-12-12,1,75.0,4159.25,0,1,0,4159.25
CCID,2025-12-22,1,1200.0,5640.0,1,0,0,5640.0
CCLFX,2025-11-25,1,777669.77,8266629.655100001,1,1,0,8266629.655100001
CCLFX,2025-12-11,1,656044.99,7000000.0433,1,1,0,7000000.0433
CCNEP,2025-11-05,1,1100.0,27093.0,1,1,0,27093.0
CCRN,2025-12-09,1,5000.0,40836.0,0,1,0,40836.0
CCXIU,2025-12-18,1,1000000.0,10000000.0,1,1,0,10000000.0
CDNL,2025-12-11,4,41000.0,861000.0,1,1,0,215250.0
CE,2025-12-10,2,8800.0,363192.0,1,1,0,181596.0
CELH,2025-11-13,2,14558.0,652632.94,1,1,0,326316.47
CEPV,2025-11-05,1,1080000.0,10800000.0,1,1,0,10800000.0
CERT,2025-11-11,1,24096.38,199999.95400000003,1,1,0,199999.95400000003
CET,2025-11-07,1,100.0,5070.0,1,1,0,5070.0
CET,2025-12-29,1,500.0,25455.0,1,1,0,25455.0
CFBK,2025-12-04,1,200.0,4782.0,0,1,0,4782.0
CFBK,2025-12-16,4,2427.0,58107.08,1,1,0,14526.77
CFFN,2025-10-31,1,10000.0,60500.0,1,0,0,60500.0
CFND,2025-12-04,5,43193.0,229870.63,1,1,0,45974.126000000004
CFND,2025-12-17,4,31130.0,158092.9,1,1,0,39523.225
CGBD,2025-11-13,2,9900.0,118896.0,1,1,0,59448.0
CGEH,2025-11-25,6,147500.0,295000.0,1,1,0,49166.666666666664
CGEM,2025-10-28,3,1874057.0,13325286.34,0,0,0,4441762.113333333
CHCO,2025-10-16,3,416.0,48767.68,0,1,0,16255.893333333333
CHCT,2025-11-04,1,4000.0,58640.0,0,1,0,58640.0
CHMG,2025-10-29,2,3500.0,181351.52000000002,0,1,0,90675.76000000001
CHRD,2025-11-07,1,1250.0,106875.0,0,1,0,106875.0
CHUC,2025-12-26,2,200000.0,49000.0,1,1,0,24500.0
CI,2025-11-03,1,4134.0,999931.9199999999,1,1,0,999931.9199999999
CINF,2025-10-28,1,1000.0,153980.0,0,1,0,153980.0
CINF,2025-12-03,1,140.0,22927.800000000003,0,1,0,22927.800000000003
CIVB,2025-11-18,1,1000.0,21490.0,0,0,0,21490.0
CJMB,2025-12-16,4,66855.0,111591.96999999999,1,1,0,27897.992499999997
CLFD,2025-12-15,1,10000.0,300600.0,0,1,0,300600.0
CLOQ,2025-09-30,1,152137.0,33295.45,0,1,0,33295.45
CLPR,2025-12-31,1,58263.0,216183.59,0,1,0,216183.59
CLS,2025-10-30,1,6000.0,2050025.04,0,1,0,2050025.04
CLST,2025-10-28,1,4750.0,63696.5,0,1,0,63696.5
CLVT,2025-11-03,2,2185000.0,7343800.0,0,1,0,3671900.0
CLVT,2025-11-10,1,100000.0,345000.0,0,1,0,345000.0
CLX,2025-11-21,1,4000.0,416520.0,0,1,0,416520.0
CLYM,2025-12-12,1,314561.0,754737.14,0,1,0,754737.14
CMC,2025-10-20,1,1722.0,100036.88,0,1,0,100036.88
CMPR,2025-11-06,1,4000.0,251174.58000000002,1,0,0,251174.58000000002
CNH,2025-11-18,3,73007.0,700182.14,0,1,0,233394.04666666666
CNK,2017-09-08,1,10000.0,325100.0,0,1,0,325100.0
CNK,2020-02-26,1,20000.0,541850.0,0,1,0,541850.0
CNK,2020-03-16,1,20000.0,211600.0,0,1,0,211600.0
CNS,2025-11-04,2,122098.0,8398254.290000001,1,1,0,4199127.1450000005
CNS,2025-11-20,3,144329.0,8786125.52,1,1,0,2928708.5066666664
CNTM,2025-11-28,2,362401.0,81778.22,1,1,0,40889.11
CNXC,2025-09-30,1,1000.0,47440.0,1,1,0,47440.0
CNXC,2025-10-31,3,4000.0,169410.0,1,1,0,56470.0
COCP,2025-11-26,2,24000.0,22775.0,0,1,0,11387.5
COCP,2025-12-30,2,85000.0,82450.0,0,1,0,41225.0
COFS,2025-11-17,1,5000.0,142500.0,0,1,0,142500.0
COLM,2025-11-13,1,300.0,16320.0,1,0,0,16320.0
COO,2025-12-22,5,16014.0,1304415.54,1,1,0,260883.108
COP,2025-11-10,1,5768.35,500000.5780000001,0,1,0,500000.5780000001
CORFX,2025-12-09,3,3785.9700000000003,75000.0657,0,1,0,25000.021900000003
CORZR,2025-11-04,1,5000.0,107500.0,0,1,0,107500.0
COSM,2025-11-28,5,301101.0,193980.36000000002,1,1,0,38796.072
COSM,2025-12-19,2,256786.0,114032.09999999999,1,1,0,57016.049999999996
COTY,2023-10-08,1,20000.0,185600.0,0,1,0,185600.0
CPPTL,2025-10-21,2,697456.0,8460728.719999999,0,0,0,4230364.359999999
CPS,2025-11-04,1,1000.0,29085.0,1,0,0,29085.0
CPS,2025-11-10,1,2000.0,58100.0,0,1,0,58100.0
CPSH,2025-10-08,5,67166.0,201498.0,1,1,0,40299.6
CPSH,2025-11-13,1,1500.0,5130.0,0,1,0,5130.0
CRC,2025-11-12,2,5891.71,281056.1473,1,1,0,140528.07365
CRM,2025-12-17,2,97936.0,25516407.04,0,1,0,12758203.52
CRMD,2025-10-23,1,25000.0,275500.0,0,1,0,275500.0
CRMT,2025-12-11,1,197.0,4978.19,1,0,0,4978.19
CROX,2025-11-11,1,3000.0,223500.0,0,1,0,223500.0
CRSR,2025-11-25,2,150000.0,964000.0,1,1,0,482000.0
CRTO,2025-11-03,2,6702.0,151972.52000000002,0,1,0,75986.26000000001
CRTO,2025-11-10,1,5000.0,107600.0,0,1,0,107600.0
CRVO,2025-11-18,10,92000.0,737723.3200000001,1,1,0,73772.33200000001
CRWS,2025-11-19,2,35000.0,95900.0,0,1,0,47950.0
CSBB,2025-10-30,2,223.0,11756.5,0,1,0,5878.25
CSBB,2025-11-17,2,850.0,43028.0,0,1,0,21514.0
CSWC,2025-10-01,1,463.0,9977.65,0,1,0,9977.65
CSX,2025-10-20,1,55000.0,2027849.9999999998,1,1,0,2027849.9999999998
CTEV,2025-11-20,4,16431.0,676129.7,1,1,0,169032.425
CTRI,2025-11-14,1,3488372.0,74999998.0,0,0,0,74999998.0
CTTH,2025-09-23,1,6815.0,408.9,1,0,0,408.9
CTTH,2025-10-31,1,7000.0,420.0,1,0,0,420.0
CTTH,2025-11-20,2,262900.0,10516.0,1,1,0,5258.0
CTTH,2025-12-17,1,8300.0,498.0,1,0,0,498.0
CVBF,2025-11-14,1,27094.0,499884.3,0,1,0,499884.3
CVM,2025-12-04,1,8389.0,49998.44,1,1,0,49998.44
CVR,2025-12-12,1,2537.0,36431.32,0,0,0,36431.32
CVS,2024-09-09,1,35.0,1976.45,1,0,0,1976.45
CVS,2024-10-02,1,10.0,622.4,1,0,0,622.4
CVS,2024-10-23,1,35.0,1989.75,1,0,0,1989.75
CWBC,2025-11-28,5,1036.0,20757.2,1,1,0,4151.4400000000005
CWCO,2025-11-21,1,2619.0,88574.58,0,1,0,88574.58
CWGL,2025-11-20,4,214016.0,1061449.36,1,1,0,265362.34
CWT,2025-12-10,1,550.0,23540.0,1,0,0,23540.0
CZFS,2025-11-04,2,500.0,27055.5,1,1,0,13527.75
CZFS,2025-11-28,1,16.0,849.6,1,0,0,849.6
CZNC,2025-10-03,2,226.0,4452.2,0,1,0,2226.1
CZNC,2025-11-07,2,232.0,4440.4800000000005,0,1,0,2220.2400000000002
CZNC,2025-12-05,2,345.0,7027.65,0,1,0,3513.825
CZR,2025-10-31,1,1000.0,18690.0,0,1,0,18690.0
DASH,2025-11-26,1,514047.0,100277894.22,0,1,0,100277894.22
DCOMG,2025-11-04,1,20537.0,539301.62,0,1,0,539301.62
DCTH,2025-11-21,2,15886.0,137086.53999999998,1,1,0,68543.26999999999
DEI,2025-11-17,1,42126.0,492556.68,1,0,0,492556.68
DENN,2025-11-03,2,433307.0,1945836.58,0,0,0,972918.29
DFDVW,2025-11-25,2,14244.0,98403.72,1,0,0,49201.86
DFDVW,2025-12-10,1,17760.0,102297.59999999999,1,0,0,102297.59999999999
DGICB,2025-11-04,1,8000.0,149680.0,0,0,0,149680.0
DGICB,2025-12-02,9,216186.0,4164002.88,0,0,0,462666.98666666663
DGICB,2025-12-10,2,78343.0,1549744.6700000002,0,0,0,774872.3350000001
DHCNL,2025-12-15,1,20000.0,97800.0,1,1,0,97800.0
DIN,2025-11-21,2,7682.0,198901.0,0,1,0,99450.5
DIN,2025-12-05,1,650.0,21553.999999999996,0,1,0,21553.999999999996
DIS,2025-12-12,1,18000.0,2014020.0,0,1,0,2014020.0
DJTWW,2025-11-18,1,1000.0,10470.0,1,0,0,10470.0
DKNG,2025-11-11,2,35000.0,1060200.0,0,1,0,530100.0
DLHC,2025-10-20,3,14288.0,78584.0,0,0,0,26194.666666666668
DLHC,2025-12-18,2,45210.0,248655.0,0,0,0,124327.5
DLPN,2025-11-03,5,15714.0,24665.7,1,1,0,4933.14
DLPN,2025-12-01,2,6050.0,9855.5,1,1,0,4927.75
DLPN,2025-12-29,6,20352.0,4982356.08,1,1,0,830392.68
DLTH,2025-12-24,1,28554.0,62487.28,1,0,0,62487.28
DLX,2025-12-10,1,175.0,3752.0,1,0,0,3752.0
DMA,2025-10-31,1,838.0,7221.24,1,0,0,7221.24
DMAC,2025-11-25,1,1061277.0,7632626.5600000005,0,0,0,7632626.5600000005
DMLP,2025-12-03,5,16338.0,353176.01,1,1,0,70635.202
DMLP,2025-12-22,2,35000.0,779365.61,0,0,0,389682.805
DOMH,2025-12-08,4,96000.0,371520.0,1,0,0,92880.0
DRTTF,2025-09-05,1,20000.0,10800.0,0,1,0,10800.0
DSM,2025-11-28,1,27875.0,164462.5,0,0,0,164462.5
DTIL,2025-12-16,3,7081.0,33713.57,0,1,0,11237.856666666667
DXCM,2025-11-10,1,18200.0,1001761.0,1,0,0,1001761.0
EARN,2025-10-01,2,13536.0,75714.48,1,1,0,37857.24
EBC,2025-10-29,2,70000.0,1200100.0,1,1,0,600050.0
EBF,2025-11-03,3,3600.0,60489.899999999994,1,0,0,20163.3
EBMT,2025-11-25,1,600.0,10050.0,1,0,0,10050.0
ECBK,2025-12-09,1,3500.0,58976.6,0,1,0,58976.6
ECF-PA,2025-10-28,1,11604.0,142497.12,0,0,0,142497.12
ECF-PA,2025-11-07,1,33764.0,410232.60000000003,0,0,0,410232.60000000003
ECG,2025-12-08,1,250.0,23045.0,0,1,0,23045.0
ECL,2025-12-08,1,750.0,193200.00000000003,0,1,0,193200.00000000003
ECOR,2025-12-02,1,1000.0,4840.0,1,1,0,4840.0
ED,2025-12-15,1,1.06,103.54080000000002,1,0,0,103.54080000000002
EDUC,2025-10-15,4,16000.0,20160.0,0,1,0,5040.0
EFC-PD,2025-09-11,1,5544.0,75176.64,0,1,0,75176.64
EFOI,2025-11-26,1,262009.0,600000.61,1,1,0,600000.61
EG,2025-10-29,2,14485.0,4448369.3,0,1,0,2224184.65
EGBN,2025-11-21,2,6050.0,101537.5,1,1,0,50768.75
EHSI,2025-11-04,1,1452680.0,1380046.0,1,1,0,1380046.0
EIG,2025-11-04,1,5500.0,203995.00000000003,1,0,0,203995.00000000003
ELA,2025-11-28,1,90.0,1060.2,1,0,0,1060.2
ELAN,2025-12-12,4,43450.0,937883.0,1,1,0,234470.75
ELUT,2025-12-02,4,44000.0,31190.0,1,1,0,7797.5
ELUT,2025-12-17,5,200500.0,104705.0,1,1,0,20941.0
ELWT,2025-12-11,3,8500.0,55475.0,1,1,0,18491.666666666668
EML,2025-12-02,4,10484.0,201930.1,0,1,0,50482.525
EML,2025-12-16,8,12656.0,250234.69,0,1,0,31279.33625
EMO,2025-10-13,1,385.0,16212.35,0,1,0,16212.35
EMYB,2025-12-03,7,5550.0,98401.5,1,1,0,14057.357142857143
EMYB,2025-12-08,2,2570.0,45673.0,1,1,0,22836.5
ENBP,2025-11-14,1,400.0,8928.0,0,1,0,8928.0
ENOV,2025-11-25,1,2468.0,74829.76,1,0,0,74829.76
ENPH,2025-10-31,1,10000.0,309300.0,1,1,0,309300.0
ENPH,2025-11-10,1,5000.0,153450.0,1,1,0,153450.0
ENR,2025-12-02,3,26000.0,449240.0,1,1,0,149746.66666666666
ENTX,2025-12-29,1,11000.0,19910.0,1,1,0,19910.0
EOD,2024-03-22,1,10000.0,46799.899999999994,0,0,0,46799.899999999994
EOD,2024-06-07,1,4000.0,19560.0,0,0,0,19560.0
EOG,2025-05-07,1,7.0,754.8,1,0,0,754.8
EONR-WT,2025-11-26,4,198237.0,84641.91,1,1,0,21160.4775
EP,2025-10-22,1,12190.0,44320.2,0,1,0,44320.2
EP,2025-12-02,4,199366.0,742432.68,0,1,0,185608.17
EP,2025-12-30,1,5451.0,16353.0,0,1,0,16353.0
EP-PC,2025-10-31,2,1004287.0,26072462.62,1,1,0,13036231.31
EPAM,2025-04-30,8,449.84,59995.1608,1,1,0,7499.3951
EPAM,2025-10-31,7,389.76,52496.7744,1,1,0,7499.5392
EPSN,2025-09-30,1,12500.0,61750.00000000001,1,0,0,61750.00000000001
EPSN,2025-11-20,1,21200.0,101699.0,1,1,0,101699.0
EPSN,2025-12-22,1,28500.0,131097.0,1,1,0,131097.0
EQBK,2025-10-17,1,250.0,10080.0,0,1,0,10080.0
EQBK,2025-11-10,1,250.0,10392.5,0,1,0,10392.5
ESOA,2025-12-19,1,9100.0,75615.0,1,1,0,75615.0
ESTC,2025-12-01,1,10000.0,710230.0,0,1,0,710230.0
ET-PI,2025-11-20,1,2000000.0,33760000.0,0,1,0,33760000.0
ETN,2025-10-31,1,100.0,38434.0,0,1,0,38434.0
ETN,2025-11-18,1,200.0,67978.0,0,1,0,67978.0
ETR,2025-11-12,1,1000.0,96690.0,0,1,0,96690.0
EVH,2025-11-18,1,10000.0,38200.0,0,1,0,38200.0
EVLVW,2025-11-25,4,76300.0,453026.0,1,1,0,113256.5
EVMN,2025-11-07,3,4375000.0,70000000.0,0,1,0,23333333.333333332
EVMN,2025-12-19,1,1000.0,17350.0,0,1,0,17350.0
EWTX,2025-11-11,1,10700.0,199448.0,0,1,0,199448.0
EXEL,2025-11-25,1,27532.0,1187179.8399999999,0,1,0,1187179.8399999999
EXFY,2025-11-11,1,40000.0,57200.0,0,1,0,57200.0
EXP,2025-11-05,1,1000.0,208080.0,0,1,0,208080.0
F-PD,2025-11-14,1,7520.0,99188.8,0,1,0,99188.8
FAST,2025-10-16,1,1000.0,42450.0,0,1,0,42450.0
FAST,2025-11-19,5,5000.0,211020.0,0,1,0,42204.0
FBIZ,2025-11-07,1,71.0,3649.4,1,0,0,3649.4
FBK,2025-10-16,1,9147.0,500099.87,0,1,0,500099.87
FBLA,2025-11-19,2,271.0,3267.3900000000003,1,1,0,1633.6950000000002
FBLG,2025-12-11,1,140000.0,47600.0,1,0,0,47600.0
FCF,2025-11-03,1,1000.0,15270.0,0,1,0,15270.0
FCF,2025-11-21,1,3090.0,50027.100000000006,1,0,0,50027.100000000006
FCN,2025-10-24,1,7500.0,1133400.0,1,1,0,1133400.0
FCNCP,2025-11-26,2,435.0,520005.5,1,1,0,260002.75
FCPT,2025-10-31,1,1984.0,46901.76,0,1,0,46901.76
FCRX,2025-11-17,1,2000.0,26680.0,1,0,0,26680.0
FDBC,2025-11-10,3,3951.0,175819.5,1,1,0,58606.5
FDS,2025-10-06,1,370.0,101927.6,1,0,0,101927.6
FDS,2025-11-06,1,500.0,126465.0,1,0,0,126465.0
FF,2025-11-20,1,15000.0,48000.0,1,0,0,48000.0
FFAIW,2025-12-22,1,1.0,100.0,1,1,0,100.0
FFBC,2025-09-30,1,618.0,15604.5,0,1,0,15604.5
FFIN,2025-10-31,4,5353.0,166428.47999999998,1,1,0,41607.119999999995
FGBIP,2025-09-30,3,203440.0,1637692.0000000002,0,1,0,545897.3333333334
FGBIP,2025-12-04,2,24900.0,124264.0,0,1,0,62132.0
FGBIP,2025-12-11,2,13245.0,60074.850000000006,0,1,0,30037.425000000003
FGEN,2025-11-17,1,3700.0,33750.0,1,1,0,33750.0
FGSN,2025-11-19,1,5000.0,149400.0,1,1,0,149400.0
FIGR,2025-12-05,1,4000.0,153040.0,0,1,0,153040.0
FINW,2025-10-31,1,2297.0,43528.15,0,1,0,43528.15
FIS,2025-10-15,1,889.0,60149.74,0,1,0,60149.74
FISV,2025-10-30,1,10000.0,651800.0000000001,0,1,0,651800.0000000001
FISV,2025-12-02,2,24900.0,1560171.0,1,0,0,780085.5
FITBP,2025-10-20,1,3000.0,123650.0,0,1,0,123650.0
FKYS,2025-12-30,1,1400.0,25900.0,1,1,0,25900.0
FLDDW,2025-12-01,1,8100.0,25272.0,0,1,0,25272.0
FLO,2025-12-03,1,456.16,4972.144,0,1,0,4972.144
FMAO,2025-10-31,2,2479.0,58050.68000000001,0,1,0,29025.340000000004
FMAO,2025-11-05,1,403.62,9953.2692,0,1,0,9953.2692
FMBM,2025-12-18,8,1544.0,43618.0,0,1,0,5452.25
FMC,2025-11-13,2,17000.0,232390.0,0,1,0,116195.0
FMCB,2025-11-05,1,10.0,10430.0,0,1,0,10430.0
FMFG,2025-11-25,1,750.0,12000.0,0,1,0,12000.0
FMNB,2025-10-30,2,75333.0,1022675.67,0,1,0,511337.835
FMY,2025-10-31,2,745.0,9008.52,0,1,0,4504.26
FND,2025-11-03,1,5000.0,301345.72000000003,1,0,0,301345.72000000003
FNGR,2025-10-28,2,20000.0,29005.090000000004,0,1,0,14502.545000000002
FNGR,2025-12-22,2,20000.0,28650.0,0,1,0,14325.0
FOSL,2025-12-03,7,389652.0,816373.54,1,1,0,116624.79142857144
FOXF,2025-11-14,1,22000.0,312400.0,1,1,0,312400.0
FPI,2025-11-10,1,4100.0,39729.0,0,1,0,39729.0
FPI,2025-12-15,1,3000.0,30599.999999999996,0,1,0,30599.999999999996
FRAF,2025-11-26,1,19.0,1024.29,0,1,0,1024.29
FRBBX,2025-12-09,3,3419.9700000000003,74999.9421,0,1,0,24999.9807
FRD,2025-12-02,3,3500.0,68280.0,1,1,0,22760.0
FROPX,2025-11-28,1,3069.74,49999.922099999996,1,0,0,49999.922099999996
FROPX,2025-12-09,2,3065.6,49999.935999999994,0,1,0,24999.967999999997
FRPH,2025-11-13,5,14529.0,345854.85000000003,1,1,0,69170.97
FRSH,2025-11-11,2,347715.0,3985857.3,1,1,0,1992928.65
FRST,2025-10-28,1,2320.0,24827.0,0,1,0,24827.0
FRST,2025-11-13,2,4098.0,44739.84,0,1,0,22369.92
FRST,2025-12-10,1,1608.0,19842.72,0,1,0,19842.72
FSCO,2025-12-01,1,1620.0,9817.199999999999,0,1,0,9817.199999999999
FSCO,2025-12-30,1,3000.0,18660.0,0,1,0,18660.0
FSEA,2025-12-09,1,2322.0,28398.059999999998,1,0,0,28398.059999999998
FSK,2025-11-11,2,20000.0,306500.0,1,1,0,153250.0
FSK,2025-12-05,1,450.0,6975.0,0,1,0,6975.0
FSSL,2025-12-03,7,103947.0,1393811.83,1,1,0,199115.9757142857
FSSL,2025-12-10,1,10000.0,136200.0,0,1,0,136200.0
FTAIN,2025-11-14,3,9289.0,1432353.48,1,1,0,477451.16
FTCI,2025-12-16,1,10638.0,101380.14,0,1,0,101380.14
FULTP,2025-06-06,2,408.47,6952.1594000000005,1,0,0,3476.0797000000002
FULTP,2025-09-11,2,420.19,8109.667,1,0,0,4054.8335
FUNC,2025-11-03,4,406.77,14310.4476,1,1,0,3577.6119
FUND,2025-09-29,1,179607.0,1469185.26,0,1,0,1469185.26
FUND,2025-12-29,1,270237.0,2324038.2,0,1,0,2324038.2
FUSB,2025-11-04,2,11250.0,150362.5,1,1,0,75181.25
FUSB,2025-12-03,8,11810.0,161313.8,0,1,0,20164.225
FWDI,2025-12-19,2,11000.0,78240.0,1,0,0,39120.0
GAB-PK,2025-12-26,1,667500.0,6675000.0,0,1,0,6675000.0
GABC,2025-10-15,4,242.51999999999998,9451.0044,0,1,0,2362.7511
GABC,2025-11-15,1,25.61,1000.0704999999999,0,1,0,1000.0704999999999
GABC,2025-12-15,3,98.91,4099.8195000000005,0,1,0,1366.6065
GAIA,2025-12-22,8,21925.0,80363.5,1,1,0,10045.4375
GALT,2025-12-23,5,17900.0,63797.0,0,1,0,12759.4
GAM-PB,2025-11-04,5,23595.0,589393.65,0,0,0,117878.73000000001
GAM-PB,2025-11-25,7,62510.0,1561704.1500000001,1,0,0,223100.59285714288
GAM-PB,2025-12-10,4,18704.0,467679.28,1,0,0,116919.82
GBCI,2025-10-31,1,611.0,24920.58,0,1,0,24920.58
GBCI,2025-11-06,4,8241.0,339556.85,1,1,0,84889.2125
GBFH,2025-11-11,2,51600.0,1719503.9999999998,1,1,0,859751.9999999999
GBLI,2025-11-25,1,5000.0,129900.0,1,1,0,129900.0
GCBC,2005-11-20,1,1000.0,21950.0,0,1,0,21950.0
GCBC,2025-11-04,5,6709.0,151554.55,1,1,0,30310.909999999996
GCBC,2025-11-18,4,6366.0,140712.0,1,1,0,35178.0
GCTS-WT,2025-11-25,2,45358.0,58058.240000000005,0,1,0,29029.120000000003
GCV,2025-11-10,1,50000.0,214500.0,0,0,0,214500.0
GDV-PK,2025-11-18,1,5000.0,132450.0,0,1,0,132450.0
GDV-PK,2025-12-26,1,5818500.0,58185000.0,0,1,0,58185000.0
GECCG,2025-11-07,1,19650.0,150126.0,1,0,0,150126.0
GEF-B,2025-11-20,6,39418.0,2613669.27,1,0,0,435611.545
GENVR,2025-11-13,1,5000.0,135700.0,0,1,0,135700.0
GF,2025-10-30,3,23834.0,270453.49,0,0,0,90151.16333333333
GF,2025-12-04,5,126833.0,1350333.92,0,0,0,270066.784
GF,2025-12-29,8,100060.76,1133017.5572,0,1,0,141627.19465
GGROU,2025-10-01,2,61000.0,305000.0,0,1,0,152500.0
GGT-PG,2025-10-27,1,31000.0,125240.0,0,1,0,125240.0
GHI,2025-11-03,1,2585.0,22300.95,0,1,0,22300.95
GLAD,2025-11-20,1,496.0,9999.36,1,0,0,9999.36
GLBZ,2025-12-08,1,900.0,3852.0,0,1,0,3852.0
GLGI,2025-05-23,1,38000.0,48360.0,0,1,0,48360.0
GLGI,2025-08-22,1,5000.0,6350.0,0,1,0,6350.0
GLGI,2025-10-15,1,21600.0,24360.0,0,1,0,24360.0
GLGI,2025-11-11,1,5000.0,3550.0,1,1,0,3550.0
GLGI,2025-12-22,1,17500.0,10150.0,1,1,0,10150.0
GLIBK,2025-11-17,1,15000.0,511650.0,0,1,0,511650.0
GLOO,2025-11-20,5,1037750.0,8302000.0,1,1,0,1660400.0
GLP-PB,2025-12-04,5,42347.0,1835144.85,0,0,0,367028.97000000003
GLP-PB,2025-12-23,4,18202.0,788880.6900000001,0,0,0,197220.17250000002
GLQ,2024-11-29,1,40.46,277.5556,0,1,0,277.5556
GLQ,2024-12-30,1,42.01,280.2067,0,1,0,280.2067
GLQ,2025-01-31,1,44.01,304.5492,0,1,0,304.5492
GLQ,2025-02-28,1,46.01,307.3468,0,1,0,307.3468
GLQ,2025-03-31,1,49.04,310.4232,0,1,0,310.4232
GLQ,2025-04-30,1,50.08,313.50079999999997,0,1,0,313.50079999999997
GLQ,2025-05-30,1,47.02,316.9148,0,1,0,316.9148
GLQ,2025-06-30,1,45.51,319.9353,0,1,0,319.9353
GLQ,2025-07-31,1,44.68,323.0364,0,1,0,323.0364
GLQ,2025-08-29,1,43.98,325.8918,0,1,0,325.8918
GLQ,2025-09-30,1,43.14,328.7268,0,1,0,328.7268
GLQ,2025-10-31,1,42.19,331.6134,0,1,0,331.6134
GLRE,2025-11-20,3,60000.0,766750.0,1,1,0,255583.33333333334
GLSI,2025-10-31,1,2300.0,21298.0,1,1,0,21298.0
GLSI,2025-11-25,2,15200.0,127860.0,1,1,0,63930.0
GLSI,2025-12-18,1,4100.0,51742.0,1,1,0,51742.0
GLXY,2025-11-13,2,34000.0,1027920.0,0,1,0,513960.0
GMGI,2025-11-04,1,25000.0,25200.0,1,0,0,25200.0
GMGI,2025-11-07,2,30000.0,27900.0,1,0,0,13950.0
GMRE-PB,2025-11-14,2,13000.0,421543.03,1,1,0,210771.515
GMRE-PB,2025-12-05,1,10000.0,325100.0,1,1,0,325100.0
GOF,2025-11-04,2,1960.0,25542.0,0,1,0,12771.0
GOF,2025-12-18,1,412.0,4997.56,0,1,0,4997.56
GOGO,2025-11-19,2,200000.0,1406309.62,0,1,0,703154.81
GOGO,2025-12-12,1,170000.0,907300.0,1,1,0,907300.0
GOODO,2025-11-13,4,15502.0,168677.4,1,0,0,42169.35
GOVB,2025-11-04,1,1000.0,14955.0,0,1,0,14955.0
GOVX,2025-10-17,1,10000.0,5500.0,0,1,0,5500.0
GPMT-PA,2025-11-11,1,16236.0,314181.04000000004,0,1,0,314181.04000000004
GPN,2025-11-07,1,1331.0,99904.86,0,1,0,99904.86
GPN,2025-12-11,1,13392.0,1086866.6400000001,0,1,0,1086866.6400000001
GPUS-PD,2025-09-11,1,1000.0,370.0,1,1,0,370.0
GPUS-PD,2025-12-03,4,922912.0,234698.88,1,1,0,58674.72
GPUS-PD,2025-12-29,5,1319166.0,304518.78,1,1,0,60903.75600000001
GRDN,2025-12-03,1,3370.0,99785.7,0,1,0,99785.7
GRF,2025-10-17,2,11850.0,125846.16,1,1,0,62923.08
GRF,2025-12-02,4,4536.0,47267.04,0,1,0,11816.76
GRND,2025-10-09,1,1000000.0,13150000.0,0,1,0,13150000.0
GRND,2025-12-04,3,655000.0,8610500.0,0,1,0,2870166.6666666665
GRND,2025-12-05,1,50000.0,675500.0,0,1,0,675500.0
GRNT,2025-12-04,7,40414.0,208074.02000000002,0,1,0,29724.860000000004
GRNT,2025-12-15,3,9648.0,51264.24,0,1,0,17088.079999999998
GRX,2025-10-30,4,1837319.0,18669595.85,0,1,0,4667398.9625
GRX,2025-12-03,2,16951.0,163243.62,0,1,0,81621.81
GRX,2025-12-26,2,115396.0,1144219.68,0,1,0,572109.84
GSBD,2025-11-12,1,10500.0,103530.0,1,0,0,103530.0
GSHD,2025-10-27,1,873.0,64986.19,1,0,0,64986.19
GSHD,2025-11-28,2,7100.0,512501.0,1,1,0,256250.5
GT,2025-11-14,1,100000.0,755000.0,0,1,0,755000.0
GTE,2025-11-04,1,276000.0,1046040.0,0,1,0,1046040.0
GTE,2025-11-26,6,953758.0,3995056.0900000003,0,1,0,665842.6816666668
GTE,2025-12-19,2,500000.0,1963800.0,0,0,0,981900.0
GUG,2025-12-18,1,321.0,4985.13,0,1,0,4985.13
GUTS,2025-12-04,1,10416.0,19998.719999999998,1,1,0,19998.719999999998
GWRS,2025-09-30,2,882223.0,9086896.9,0,1,0,4543448.45
GXO,2025-11-28,1,6000.0,303540.0,0,1,0,303540.0
HAE,2025-11-10,1,1400.0,98784.0,0,1,0,98784.0
HAFC,2025-10-24,1,200.0,5422.0,0,1,0,5422.0
HBANP,2025-11-04,1,6506.0,99541.8,0,1,0,99541.8
HBNC,2025-11-24,1,4000.0,65640.0,0,1,0,65640.0
HCXY,2025-11-03,1,6000.0,106620.0,0,1,0,106620.0
HDSN,2025-11-17,1,3500.0,23765.0,0,1,0,23765.0
HEI-A,2025-10-21,9,5800.0,1416726.0,1,1,0,157414.0
HFFG,2025-11-14,4,18494.0,41616.57,1,1,0,10404.1425
HFWA,2025-11-20,1,19106.0,426445.92,1,0,0,426445.92
HHH,2025-12-23,1,5000.0,389700.0,0,1,0,389700.0
HKHC,2025-12-04,12,862.0,23756.78,1,1,0,1979.7316666666666
HKHC,2025-12-10,4,176.0,4773.12,1,1,0,1193.28
HLF,2025-12-01,2,18200.0,167938.0,0,1,0,83969.0
HLIT,2025-12-11,1,47528.0,499044.0,0,1,0,499044.0
HLNE,2025-11-07,1,8000.0,1042831.76,1,1,0,1042831.76
HNRG,2025-11-21,1,13000.0,250640.00000000003,0,1,0,250640.00000000003
HNRG,2025-12-17,1,20000.0,356599.99999999994,0,1,0,356599.99999999994
HQI,2025-12-24,1,19276.0,176407.66000000003,1,1,0,176407.66000000003
HQL,2025-12-16,1,7923.0,133740.24,0,1,0,133740.24
HRGN,2025-09-30,1,300.0,594.0,1,1,0,594.0
HRGN,2025-11-25,1,3000.0,5100.0,1,1,0,5100.0
HSY,2025-11-24,3,2400.0,445416.0,1,1,0,148472.0
HTFL,2025-12-16,1,40000.0,1053600.0,0,1,0,1053600.0
HUBB,2025-11-17,1,435.0,186719.4,0,1,0,186719.4
HUBG,2025-12-11,1,4566.0,199716.84,0,1,0,199716.84
HUN,2025-11-10,1,29762.0,242857.92,1,0,0,242857.92
HWKN,2025-11-03,1,1587.0,200501.58000000002,1,0,0,200501.58000000002
HYMCW,2025-10-14,1,7690000.0,49985000.0,0,0,0,49985000.0
HYMCW,2025-12-03,3,4240824.0,41388487.2,0,0,0,13796162.4
HYMCW,2025-12-29,5,1990000.0,33649100.0,0,0,0,6729820.0
HYNE,2025-12-04,10,200184.0,2054119.44,1,1,0,205411.944
HYNE,2025-12-05,1,16242.0,224796.16,1,0,0,224796.16
HYPD,2025-12-29,4,161254.0,511126.44,0,1,0,127781.61
IAF,2025-10-15,1,910.0,4095.0,0,1,0,4095.0
IART,2025-11-05,1,9000.0,102150.0,0,1,0,102150.0
IAUX-WT,2025-11-25,2,35000.0,36150.0,1,1,0,18075.0
IAUX-WT,2025-12-09,1,20000.0,26000.0,0,1,0,26000.0
IBCP,2025-11-21,1,500.0,15787.88,0,1,0,15787.88
IBKR,2025-10-23,1,400.0,26380.0,0,1,0,26380.0
ICCC,2025-12-04,3,19081.0,95692.19,1,1,0,31897.396666666667
ICFI,2025-11-17,1,1000.0,77569.2,0,1,0,77569.2
ICHR,2025-11-17,2,20000.0,298100.0,0,1,0,149050.0
ICUCW,2025-12-19,2,18700.0,6083.0,1,1,0,3041.5
IDN,2025-11-25,1,1000.0,6180.0,0,1,0,6180.0
IEX,2025-11-05,1,600.0,101646.0,0,1,0,101646.0
IFF,2025-12-12,1,3100.0,196788.0,1,0,0,196788.0
IGR,2025-12-17,2,50286.0,216861.39,1,1,0,108430.695
IIPR-PA,2025-11-24,3,5200.0,247134.0,1,1,0,82378.0
IKT,2025-11-21,1,2068965.0,2999999.25,0,0,0,2999999.25
ILMN,2025-11-03,1,500.0,61065.0,0,1,0,61065.0
IMA,2025-12-24,1,16000.0,95840.0,0,1,0,95840.0
IMMX,2025-12-10,2,1516.0,10042.42,1,1,0,5021.21
IMNM,2025-12-30,4,68518.0,1453958.29,1,1,0,363489.5725
IMRX,2025-10-03,5,17120.0,116737.6,1,1,0,23347.52
IMVT,2025-12-12,1,16666666.0,349999986.0,0,1,0,349999986.0
INBKZ,2025-10-30,3,8110.0,151943.40000000002,1,1,0,50647.80000000001
INBKZ,2025-11-17,1,2000.0,35920.0,1,0,0,35920.0
INR,2025-12-16,1,8646.0,111879.23999999999,0,1,0,111879.23999999999
INSE,2025-11-26,2,70000.0,549800.0,1,1,0,274900.0
INSP,2025-04-07,1,5.0,803.62,0,1,0,803.62
INTT,2025-11-19,1,6000.0,44640.0,0,1,0,44640.0
INVLW,2025-12-02,5,58786.0,244244.82,1,1,0,48848.964
IONQ-WT,2025-11-11,1,2000.0,109640.0,0,1,0,109640.0
IOR,2025-08-28,1,1.0,17.9,0,0,0,17.9
IOR,2025-10-02,2,589.0,10494.349999999999,0,0,0,5247.174999999999
IOR,2025-10-31,1,369.0,6560.7,0,0,0,6560.7
IOR,2025-12-04,1,1434.0,25533.5,0,0,0,25533.5
IOR,2025-12-08,1,2.0,35.7,0,0,0,35.7
IOSP,2025-11-14,1,340.0,25190.600000000002,0,1,0,25190.600000000002
IPSC,2025-11-19,1,35000.0,17500.0,1,1,0,17500.0
IPSC,2025-12-22,2,110060.0,79511.0,1,1,0,39755.5
IRD,2025-12-29,1,164000.0,323890.0,0,1,0,323890.0
IRDM,2025-10-30,2,50000.0,871300.0,1,1,0,435650.0
IRIX,2025-12-02,7,78370.0,74488.78,1,1,0,10641.254285714285
IRIX,2025-12-16,2,4365.0,4314.049999999999,1,1,0,2157.0249999999996
IRM,2025-11-19,1,33.0,2954.16,0,1,0,2954.16
IT,2025-12-10,1,43300.0,9940341.21,0,1,0,9940341.21
ITGR,2025-10-30,1,3127.0,203067.38,1,1,0,203067.38
ITGR,2025-11-12,3,4365.83,297192.6177,1,1,0,99064.2059
ITRM,2025-11-18,1,6000.0,2220.0,0,1,0,2220.0
ITW,2025-12-10,1,6709.0,1678122.17,0,1,0,1678122.17
IVDN,2025-05-02,1,2000.0,640.0,0,1,0,640.0
IVDN,2025-06-06,1,1000.0,320.0,0,1,0,320.0
IVDN,2025-07-01,1,2500.0,500.0,0,1,0,500.0
IVDN,2025-08-04,1,10000.0,2100.0,0,1,0,2100.0
IVVD,2025-11-19,1,50000.0,125000.0,0,1,0,125000.0
IVYIX,2025-10-27,1,0.25,3.035,1,0,0,3.035
IVYIX,2025-12-03,1,2.0,24.4,1,0,0,24.4
IVYIX,2025-12-22,1,0.25,3.06,1,0,0,3.06
J,2025-11-24,3,2513.0,335877.64,1,1,0,111959.21333333333
JACK,2025-11-24,2,6000.0,104000.0,1,1,0,52000.0
JBLU,2025-11-04,1,50000.0,206000.0,0,1,0,206000.0
JFB,2025-12-10,2,7450.0,128077.0,1,1,0,64038.5
JJSF,2025-11-20,1,540.0,48902.4,0,1,0,48902.4
JMSB,2025-11-04,2,900.0,17005.0,0,1,0,8502.5
JMSB,2025-12-02,3,2645.0,50418.0,0,1,0,16806.0
JMSB,2025-12-05,1,500.0,9815.0,0,1,0,9815.0
JNJ,2025-11-26,1,1250.0,257687.5,0,1,0,257687.5
JOF,2025-12-22,1,950.0,10260.0,0,1,0,10260.0
JYNT,2025-12-01,2,29761.0,250997.63,0,0,0,125498.815
JYNT,2025-12-05,1,10000.0,84100.0,0,0,0,84100.0
KFS,2025-09-30,2,278.0,4067.1400000000003,1,1,0,2033.5700000000002
KFS,2025-10-30,4,543.0,8114.639999999999,1,1,0,2028.6599999999999
KFS,2025-11-28,4,632.0,8129.359999999999,1,1,0,2032.3399999999997
KFS,2025-12-16,2,317.0,4063.94,1,1,0,2031.97
KITTW,2025-11-25,1,10000.0,8900.0,0,1,0,8900.0
KLNG,2025-12-01,1,592000.0,799200.0,0,0,0,799200.0
KLXE,2025-12-16,2,66500.0,122755.0,1,0,0,61377.5
KMPB,2025-11-10,1,25000.0,920500.0,0,1,0,920500.0
KMX,2025-10-02,2,12816.0,590947.36,0,1,0,295473.68
KNSL,2025-12-15,1,2675.0,1048460.01,0,1,0,1048460.01
KNTK,2025-10-02,1,5000.0,195650.0,1,1,0,195650.0
KNTK,2025-11-10,1,8000.0,276560.0,1,1,0,276560.0
KO,2025-10-24,1,14267.0,998681.9700000001,0,1,0,998681.9700000001
KOD,2025-12-18,1,2608696.0,60000008.0,0,1,0,60000008.0
KODK,2025-11-17,1,5000.0,36750.0,0,1,0,36750.0
KOSS,2025-12-02,1,2500.0,12400.0,0,1,0,12400.0
KREF-PA,2025-11-07,4,78700.0,616807.0,1,1,0,154201.75
KRT,2025-11-12,1,1361.0,30091.71,1,1,0,30091.71
KTTAW,2025-11-28,3,199999.0,149999.25,1,1,0,49999.75
KVHI,2025-12-02,2,96084.0,569030.06,0,1,0,284515.03
KVHI,2025-12-09,1,141236.0,849911.0199999999,0,1,0,849911.0199999999
KVUE,2025-12-12,1,6377694.0,110971206.42,0,1,0,110971206.42
KYMR,2025-12-11,1,2005813.0,172499918.0,0,1,0,172499918.0
KYN,2025-10-15,2,25010000.0,325000000122400.0,0,1,0,162500000061200.0
KYN,2025-11-24,2,50000.0,588750.0,1,1,0,294375.0
KYTX,2025-12-18,2,266666.0,1999995.0,0,1,0,999997.5
LAB,2025-12-04,5,11225000.0,14408250.0,0,1,0,2881650.0
LAC,2025-10-01,1,20000.0,191600.0,1,0,0,191600.0
LADR,2025-10-15,1,59.02,636.8258,1,0,0,636.8258
LAKE,2025-12-23,3,3864.6800000000003,31906.192000000003,1,1,0,10635.397333333334
LAW,2025-11-04,3,45512.0,271035.28,0,1,0,90345.09333333334
LAW,2025-11-10,1,6660.0,44488.799999999996,1,1,0,44488.799999999996
LBRA,2025-12-03,4,860543.0,8605.43,1,1,0,2151.3575
LCGMF,2025-10-22,2,217870.0,21787.0,0,1,0,10893.5
LCGMF,2025-12-16,2,2206346.0,329026.9,0,1,0,164513.45
LCNB,2025-11-19,1,500.0,7660.0,1,1,0,7660.0
LENZ,2025-11-07,2,12698.0,289320.48,1,1,0,144660.24
LFACU,2025-12-08,1,328750.0,3287500.0,0,0,0,3287500.0
LFT-PA,2025-12-01,4,71200.0,114014.0,1,1,0,28503.5
LFT-PA,2025-12-19,1,10000.0,14907.95,0,1,0,14907.95
LFVN,2025-12-15,1,805.0,5264.7,0,1,0,5264.7
LGCY,2025-11-18,1,5000.0,43400.0,1,1,0,43400.0
LGL,2025-12-30,1,95387.0,453088.25,0,0,0,453088.25
LIDRW,2025-11-12,1,10350.0,24840.0,0,1,0,24840.0
LIN,2025-12-08,1,2520.0,999633.6,1,1,0,999633.6
LINE,2025-11-21,5,129000.0,4366945.0,1,1,0,873389.0
LINK,2025-11-19,1,2170.0,9042.1,0,1,0,9042.1
LITS,2025-11-19,1,12100.0,22748.0,0,1,0,22748.0
LITS,2025-12-19,1,70000.0,98000.0,0,1,0,98000.0
LNC-PD,2025-11-12,1,2000.0,84340.0,0,1,0,84340.0
LNG,2025-11-04,1,5000.0,1041081.0,0,1,0,1041081.0
LNPIX,2025-10-01,1,1182178.42,12495625.8994,0,0,0,12495625.8994
LNPIX,2025-11-01,1,487804.88,5000000.0200000005,0,0,0,5000000.0200000005
LOAN,2025-11-19,2,5757.0,26541.64,1,1,0,13270.82
LOB-PA,2025-11-20,1,1000.0,30240.0,0,1,0,30240.0
LOOP,2025-11-10,1,50000.0,66000.0,0,1,0,66000.0
LOVE,2025-10-14,1,1000.0,14410.0,1,1,0,14410.0
LOW,2025-11-24,1,1000.0,231060.0,0,1,0,231060.0
LPRO,2025-11-19,1,40000.0,60800.0,1,0,0,60800.0
LPX,2025-11-07,1,3200.0,249792.0,0,1,0,249792.0
LSAK,2025-12-10,2,30500.0,130204.05,1,1,0,65102.025
LSCC,2025-11-07,1,30000.0,1892114.75,1,1,0,1892114.75
LTC,2025-11-07,1,5000.0,177560.0,0,1,0,177560.0
LUCK,2025-11-28,3,66285.0,533744.7,0,1,0,177914.9
LUCK,2025-12-08,3,801.03,6809.943700000001,1,1,0,2269.9812333333334
LUCYW,2025-12-04,1,2507.0,3760.5,0,0,0,3760.5
LUCYW,2025-12-26,3,201486.0,268982.62,0,0,0,89660.87333333334
LUNR,2025-11-13,1,241080.0,2190811.5999999996,0,1,0,2190811.5999999996
LYB,2025-11-12,1,5661.0,246593.16,1,0,0,246593.16
LYFT,2025-12-10,1,5030.0,99594.0,1,1,0,99594.0
MAA-PI,2025-10-31,1,578.0,74770.08,1,1,0,74770.08
MAA-PI,2025-12-12,1,758.0,99927.14000000001,1,0,0,99927.14000000001
MAIA,2025-10-01,1,19230.0,24999.0,0,1,0,24999.0
MAIA,2025-11-28,9,264945.0,283866.95,1,1,0,31540.772222222222
MAIA,2025-12-22,4,188897.0,230225.34,0,1,0,57556.335
MBAVW,2025-12-17,1,3529081.0,38114074.800000004,0,0,0,38114074.800000004
MBBC,2025-11-26,2,2400.0,26797.75,1,1,0,13398.875
MBINN,2025-10-30,1,15500.0,490420.0,1,0,0,490420.0
MBIO,2025-12-30,1,247.0,237.12,0,1,0,237.12
MBWM,2025-10-31,1,1000.0,43500.0,0,1,0,43500.0
MBX,2025-10-20,2,40000.0,537800.0,1,1,0,268900.0
MCB,2025-10-30,3,1167.0,83009.89,1,1,0,27669.963333333333
MCFT,2025-12-22,1,134807.0,2649367.38,0,0,0,2649367.38
MCY,2025-12-10,1,552.0,49911.840000000004,0,1,0,49911.840000000004
MDBH,2025-10-03,1,2275.0,7621.25,1,1,0,7621.25
MDBH,2025-10-06,1,1725.0,5882.25,1,1,0,5882.25
MDBH,2025-12-04,2,10048.0,35683.020000000004,1,1,0,17841.510000000002
MDBH,2025-12-31,3,13987.0,46135.45,1,1,0,15378.483333333332
MDLN,2025-12-18,3,17751722.0,514799938.0,0,1,0,171599979.33333334
MDRR,2025-09-05,1,117.0,1579.5,1,0,0,1579.5
MDRR,2025-12-04,4,26270.0,353307.44999999995,1,1,0,88326.86249999999
MDRR,2025-12-12,4,81003.0,1180631.95,1,1,0,295157.9875
MERC,2025-10-03,1,6822.0,19033.38,0,0,0,19033.38
MERC,2025-11-04,1,205780.0,451691.58,0,0,0,451691.58
MERC,2025-11-13,1,801938.0,1409213.8199999998,0,0,0,1409213.8199999998
MGEE,2025-12-05,1,270.27,21235.113899999997,0,1,0,21235.113899999997
MGLD,2025-12-03,2,35352.0,36812.56,1,1,0,18406.28
MGLD,2025-12-10,1,25000.0,23250.0,1,1,0,23250.0
MGM,2025-12-05,1,1098748.0,39884552.4,0,0,0,39884552.4
MGY,2025-11-11,1,4500.0,103950.0,0,1,0,103950.0
MGYR,2025-12-12,1,550.0,9441.46,0,1,0,9441.46
MH,2025-11-14,1,15710.0,236121.3,0,1,0,236121.3
MHH,2025-12-10,1,4073.0,29432.43,0,0,0,29432.43
MIAX,2025-10-03,1,4.0,167.88,0,1,0,167.88
MIAX,2025-12-12,1,4878.0,199998.0,0,1,0,199998.0
MIDD,2025-12-15,2,103683.0,15096726.83,0,1,0,7548363.415
MKZR,2025-10-03,6,90000.0,455280.0,1,1,0,75880.0
MKZR,2025-11-26,2,6946.0,28038.199999999997,1,0,0,14019.099999999999
MLP,2025-12-03,7,42639.0,644219.02,1,1,0,92031.28857142858
MLP,2025-12-12,3,8750.0,145520.5,0,1,0,48506.833333333336
MLTX,2025-10-08,1,10870.0,98808.3,1,0,0,98808.3
MMLP,2025-10-21,1,138100.0,362995.0,0,0,0,362995.0
MMLP,2025-12-04,5,49528.0,128196.15,0,0,0,25639.23
MMLP,2025-12-12,2,24813.0,64042.74999999999,0,0,0,32021.374999999996
MMS,2025-11-28,2,56.699999999999996,4882.437,0,1,0,2441.2185
MNPR,2025-12-26,1,1500.0,104925.0,1,0,0,104925.0
MNR,2025-11-26,4,176246.0,2074338.1,1,1,0,518584.525
MNR,2025-12-09,1,60000.0,744450.0,0,1,0,744450.0
MNRO,2025-11-04,1,639473.0,9713594.87,0,0,0,9713594.87
MNRO,2025-11-07,1,638659.0,11102374.459999999,0,0,0,11102374.459999999
MNSBP,2025-11-24,2,848.0,16125.84,1,1,0,8062.92
MNTR,2025-10-01,1,15645.0,1564.5,1,1,0,1564.5
MNTR,2025-11-03,7,169355.0,44301.29,1,1,0,6328.755714285714
MNTR,2025-12-04,5,8500.0,837.0,1,1,0,167.4
MNTR,2025-12-29,4,9500.0,880.0,1,1,0,220.0
MOALX,2025-11-03,2,19521.73,200000.0762,0,0,0,100000.0381
MOALX,2025-11-11,1,4859.09,50000.0361,1,0,0,50000.0361
MOFG,2025-11-03,2,3760.0,138546.09999999998,1,1,0,69273.04999999999
MONIX,2025-09-29,1,26078.23,259999.9531,1,1,0,259999.9531
MOS,2025-11-11,1,685.0,17488.05,0,1,0,17488.05
MPB,2025-09-30,6,893.0,25575.52,0,1,0,4262.586666666667
MPB,2025-10-27,1,2000.0,59020.0,0,1,0,59020.0
MPB,2025-11-19,1,2000.0,56560.0,0,1,0,56560.0
MPLT,2025-10-28,2,6394117.0,108699989.0,0,0,0,54349994.5
MRAI,2025-09-30,1,147058.0,199998.88,1,1,0,199998.88
MRAI,2025-11-07,3,200000.0,200000.0,0,1,0,66666.66666666667
MRMD,2025-12-12,1,45455.0,5000.05,1,0,0,5000.05
MRP,2025-10-30,3,10476.0,341023.76,1,1,0,113674.58666666667
MRP,2025-11-24,2,2860.0,91276.4,0,1,0,45638.2
MRUS,2025-12-29,4,78288415.0,7593976255.0,0,0,0,1898494063.75
MRVI,2025-11-13,2,466771.0,1511699.42,1,1,0,755849.71
MRVI,2025-12-08,1,100000.0,368544.16000000003,0,1,0,368544.16000000003
MSBIP,2025-12-03,5,21098.0,372913.62,1,1,0,74582.724
MSCI,2025-12-05,1,12500.0,6701731.56,1,1,0,6701731.56
MSDL,2025-10-06,1,9030.0,150259.2,0,1,0,150259.2
MSDL,2025-11-11,2,3600.0,60006.0,1,1,0,30003.0
MSFT,2025-04-23,1,3842.0,1450239.74,1,0,0,1450239.74
MSGM,2025-12-12,1,5000.0,13020.0,0,1,0,13020.0
MSIF,2025-12-30,1,3712.0,49852.159999999996,1,1,0,49852.159999999996
MSM,2025-11-03,1,181806.0,15407879.379999999,0,1,0,15407879.379999999
MSM,2025-11-18,2,29536.0,2543908.44,0,1,0,1271954.22
MTCH,2025-11-20,1,14000.0,445760.0,1,1,0,445760.0
MTDR,2025-11-04,14,32966.0,1299353.4,1,1,0,92810.95714285714
MTDR,2025-11-06,4,5880.0,223402.81,1,1,0,55850.7025
MTN,2025-10-07,1,210.0,32550.0,1,0,0,32550.0
MUNEX,2025-09-25,1,4780.0,60419.200000000004,0,0,0,60419.200000000004
MUNEX,2025-10-13,1,1.0,12.48,0,0,0,12.48
MUNEX,2025-11-07,1,1.0,12.55,0,0,0,12.55
MVBF,2025-11-03,1,2000.0,52000.0,1,0,0,52000.0
MVBF,2025-12-05,1,500.0,13850.0,0,1,0,13850.0
MWA,2025-10-07,1,1070.0,27584.600000000002,0,1,0,27584.600000000002
MXF,2025-10-23,1,506.0,9431.84,0,0,0,9431.84
MXF,2025-12-04,7,74692.0,1431013.09,0,0,0,204430.44142857144
MXF,2025-12-16,6,79634.0,1590784.5899999999,0,0,0,265130.76499999996
MYE,2025-11-03,2,6000.0,103500.0,0,1,0,51750.0
MYE,2025-11-14,1,3000.0,52500.0,1,0,0,52500.0
MYO,2025-11-21,2,11822.0,8571.09,0,1,0,4285.545
MYSZ,2025-12-01,3,30335.0,25465.15,1,1,0,8488.383333333333
MYSZ,2025-12-29,1,3750.0,2925.0,1,1,0,2925.0
NAGE,2025-11-14,1,6685.4,45616.3916,1,0,0,45616.3916
NAIFX,2025-11-13,1,1410.26,13750.035,0,0,0,13750.035
NAN,2025-12-08,1,1000.0,11530.0,0,0,0,11530.0
NAUT,2025-11-06,1,4000.0,5960.0,1,0,0,5960.0
NAVN,2025-12-29,9,7095716.0,105575772.96,0,1,0,11730641.44
NBBK,2025-10-28,1,4688.0,84712.16,0,1,0,84712.16
NBBK,2025-12-19,1,2000.0,41740.0,1,0,0,41740.0
NBTB,2025-10-31,1,2000.0,81000.0,0,1,0,81000.0
NBTB,2025-11-06,1,10000.0,409750.0,0,1,0,409750.0
NCDL,2025-11-19,3,27000.0,383600.0,1,1,0,127866.66666666667
NCLH,2025-11-25,7,95579.0,1763142.17,1,1,0,251877.45285714284
NEOG,2025-11-03,1,177.0,1106.25,1,1,0,1106.25
NEUP,2025-10-21,1,639110.0,3285025.4,0,0,0,3285025.4
NEWTH,2025-11-03,2,11000.0,112630.0,1,1,0,56315.0
NEWTH,2025-12-15,3,2189.0,25105.59,0,1,0,8368.53
NEXT,2025-12-04,7,5146898.0,30601609.23,0,0,0,4371658.4614285715
NEXT,2025-12-12,3,2735627.0,16078437.69,0,0,0,5359479.2299999995
NGS,2025-12-08,2,3125.0,100087.59999999999,0,1,0,50043.799999999996
NGTF,2025-05-15,1,100000.0,2000.0,1,1,0,2000.0
NGTF,2025-11-13,1,187521.0,9376.05,1,1,0,9376.05
NIC,2025-11-04,3,2345.0,272051.2,1,1,0,90683.73333333334
NIC,2025-11-18,1,25.0,3008.75,1,0,0,3008.75
NKE,2025-11-07,1,16150.0,1002753.5,0,1,0,1002753.5
NKE,2025-12-29,3,75079.0,4449886.94,1,1,0,1483295.6466666667
NLCP,2025-11-07,1,500.0,6535.0,1,1,0,6535.0
NMCO,2025-12-29,1,1500.0,15299.999999999998,0,0,0,15299.999999999998
NML,2025-11-17,1,40000.0,342000.0,0,0,0,342000.0
NMRA,2025-10-27,3,5747100.0,14999931.0,0,1,0,4999977.0
NMZ,2025-10-10,2,6630.0,70024.20000000001,0,0,0,35012.100000000006
NMZ,2025-12-19,1,1000.0,10320.0,0,0,0,10320.0
NOG,2025-12-11,1,25000.0,600700.0,0,1,0,600700.0
NORD,2025-02-03,1,11528.0,46112.0,0,0,0,46112.0
NORD,2025-05-02,1,31000.0,155000.0,0,0,0,155000.0
NORD,2025-05-22,1,18000.0,90000.0,0,0,0,90000.0
NORD,2025-06-16,1,7000.0,31080.000000000004,0,0,0,31080.000000000004
NOV,2025-11-21,1,70000.0,1012200.0,0,1,0,1012200.0
NP,2025-10-02,3,174050.0,3481000.0,1,1,0,1160333.3333333333
NPB,2025-10-24,1,500.0,8290.0,0,1,0,8290.0
NRDE,2025-11-25,4,197580.0,272157.4,0,1,0,68039.35
NRDE,2025-12-17,1,40000.0,58024.909999999996,0,1,0,58024.909999999996
NRDY,2025-12-04,11,2070472.0,2389556.14,1,1,0,217232.37636363637
NRDY,2025-12-16,8,1445293.0,1967870.77,1,1,0,245983.84625
NRGV,2025-11-14,1,10000.0,30000.0,1,1,0,30000.0
NRIM,2025-12-10,3,3136.0,78507.0,0,1,0,26169.0
NRXS,2025-12-23,1,286138.0,1007205.76,0,1,0,1007205.76
NSC,2025-10-27,1,2600.0,732836.0,0,1,0,732836.0
NSC,2025-11-05,1,1650.0,466900.50000000006,0,1,0,466900.50000000006
NSC,2025-12-05,1,204.0,60137.16,0,1,0,60137.16
NSP,2025-11-07,1,3000.0,102380.0,0,1,0,102380.0
NSPR,2025-12-04,2,23561.0,40498.72,0,1,0,20249.36
NSPR,2025-12-09,2,10146.0,18617.910000000003,0,1,0,9308.955000000002
NTHI,2025-11-24,2,31100.0,192019.0,1,1,0,96009.5
NTRP,2025-11-04,1,33400.0,100200.0,0,1,0,100200.0
NTRSO,2025-11-04,2,4161.0,534464.07,0,1,0,267232.035
NTST,2025-12-19,2,2000.0,34740.0,1,0,0,17370.0
NTWK,2025-11-17,1,7664.0,22679.1,1,1,0,22679.1
NUS,2025-11-11,1,5500.0,52855.0,1,0,0,52855.0
NUTX,2025-11-25,1,750.0,102532.5,1,0,0,102532.5
NVCT,2025-10-27,1,154770.0,957083.18,0,0,0,957083.18
NVCT,2025-11-05,3,29000.0,168110.0,1,1,0,56036.666666666664
NVR,2025-11-03,1,14.0,98952.7,0,1,0,98952.7
NWAX-UN,2025-12-05,1,1200000.0,12000000.0,1,1,0,12000000.0
NWBI,2025-12-01,4,5502.0,64366.74,0,1,0,16091.685
NWBI,2025-12-08,2,5500.0,67125.0,0,1,0,33562.5
NWFL,2025-10-31,2,3950.0,105448.97,0,1,0,52724.485
NWPP,2025-11-26,4,29095.0,98784.0,0,1,0,24696.0
NWPP,2025-12-11,2,158560.0,578744.0,0,1,0,289372.0
NWTG,2025-11-21,4,173548.0,187335.4,1,1,0,46833.85
NWTG,2025-12-26,2,16850.0,25832.5,1,1,0,12916.25
NXDT-PA,2025-12-04,3,15371.98,41897.5116,1,1,0,13965.8372
NXDT-PA,2025-12-05,1,9780.54,28021.1998,0,1,0,28021.1998
NXG,2025-11-05,1,1000.0,50380.0,0,1,0,50380.0
NXNVW,2025-11-21,1,58457.0,693300.02,0,0,0,693300.02
NXPI,2025-12-03,1,225.0,50733.0,0,1,0,50733.0
NYC,2025-12-04,3,6405.0,49506.450000000004,0,0,0,16502.15
NYC,2025-12-29,5,15961.0,128933.96,0,0,0,25786.792
NZF,2025-10-03,2,2447.0,30635.3,0,0,0,15317.65
NZF,2025-12-11,1,6677.0,84998.21,0,0,0,84998.21
OABIW,2025-11-07,1,77261.0,107706.87,0,1,0,107706.87
OBDC,2025-11-26,5,92490.0,1101733.4,1,1,0,220346.68
OBIO,2025-11-14,1,5000.0,20350.0,1,1,0,20350.0
OBK,2025-11-04,10,29668.0,1023668.56,1,1,0,102366.856
OBT,2025-10-31,1,1650.0,39633.0,1,1,0,39633.0
ODCYX,2025-08-04,1,6500.42,59998.8766,1,0,0,59998.8766
OESX,2025-11-19,1,21166.0,299922.22,1,1,0,299922.22
OFLX,2025-12-04,2,1900.0,53461.0,1,1,0,26730.5
OFLX,2025-12-10,2,2734.0,78669.68,0,1,0,39334.84
OGN,2025-11-12,1,65400.0,501618.0,1,1,0,501618.0
OHI,2025-11-06,2,31500.0,1356955.0,1,1,0,678477.5
OKE,2025-11-03,1,2500.0,165000.0,0,1,0,165000.0
OMCC,2025-12-17,1,2100.0,11669.0,1,0,0,11669.0
ONEW,2025-11-24,1,86358.0,990526.26,1,1,0,990526.26
ONMDW,2023-12-15,2,6730.0,8162.900000000001,1,1,0,4081.4500000000003
ONMDW,2024-01-12,1,360.0,305.4,1,1,0,305.4
ONMDW,2024-02-08,2,17331.0,11206.810000000001,1,1,0,5603.405000000001
ONMDW,2024-03-06,2,4691.0,3529.44,1,1,0,1764.72
ONMDW,2024-03-22,1,100.0,79.0,1,1,0,79.0
ONMDW,2024-05-10,1,2178.0,1246.19,1,1,0,1246.19
ONMDW,2024-07-08,1,4100.0,3772.0,0,1,0,3772.0
ONMDW,2024-08-21,1,3287.0,3839.02,1,1,0,3839.02
ONMDW,2024-09-20,1,2400.0,1600.0,1,1,0,1600.0
ONMDW,2024-11-20,1,1800.0,1556.0,0,1,0,1556.0
ONMDW,2024-12-18,1,100.0,99.0,1,1,0,99.0
ONMDW,2025-04-21,1,47000.0,23030.0,0,1,0,23030.0
ONMDW,2025-06-20,2,2912142.0,1220899.64,1,1,0,610449.82
ONMDW,2025-09-05,2,898708.0,733323.61,1,1,0,366661.805
ONMDW,2025-09-25,2,32500.0,31842.0,1,1,0,15921.0
ONMDW,2025-10-15,1,10000.0,30500.0,0,1,0,30500.0
OPCH,2025-11-03,1,38000.0,987240.0,0,1,0,987240.0
OPENW,2025-11-11,1,125000.0,1004999.9999999999,1,1,0,1004999.9999999999
OPHC,2025-12-04,1,7600.0,31084.0,0,1,0,31084.0
OPK,2025-10-31,1,300000.0,426000.0,1,1,0,426000.0
OPK,2025-11-21,4,4546600.0,5967932.94,1,1,0,1491983.235
OPP-PC,2025-10-17,1,30.0,247.79999999999998,0,0,0,247.79999999999998
OPTT,2025-12-16,3,28771.0,9704.64,1,1,0,3234.8799999999997
ORGO,2025-05-15,1,358495.0,1097000.15,0,1,0,1097000.15
ORI,2025-11-03,1,1000.0,39135.81,0,1,0,39135.81
ORRF,2025-10-27,1,302.0,10355.58,0,1,0,10355.58
OSG,2025-10-01,1,25000.0,213499.99999999997,1,1,0,213499.99999999997
OSG,2025-11-12,1,20.0,205.0,1,0,0,205.0
OSPN,2025-11-04,1,2000.0,24260.0,0,1,0,24260.0
OSPN,2025-11-05,1,50000.0,598000.0,0,1,0,598000.0
OSUR,2025-11-28,1,2100.0,4977.0,0,1,0,4977.0
OTF,2025-11-20,1,12500.0,165875.0,1,0,0,165875.0
OTH,2025-11-28,5,195873.0,751034.87,1,1,0,150206.974
OTH,2025-12-12,3,17000.0,51131.45,0,1,0,17043.816666666666
OVBC,2025-11-12,2,125.88,4500.21,0,1,0,2250.105
OVLY,2025-10-28,1,1000.0,27500.0,0,1,0,27500.0
OVLY,2025-11-25,1,489.0,13928.9,0,1,0,13928.9
OWL,2025-12-02,4,474670.0,7142132.9,1,1,0,1785533.225
OXM,2025-12-12,1,5000.0,175600.0,1,1,0,175600.0
OXY-WT,2025-12-16,1,5000.0,194899.99999999997,0,1,0,194899.99999999997
PACS,2025-11-24,1,16724.0,500047.6,0,1,0,500047.6
PARK,2025-12-03,7,27014.0,351182.0,1,1,0,50168.857142857145
PAYIX,2025-10-28,2,148033.41999999998,3750000.2388,1,1,0,1875000.1194
PBI-PB,2025-10-31,1,12500.0,126993.0,0,1,0,126993.0
PBI-PB,2025-11-25,1,2000.0,20005.0,0,1,0,20005.0
PBLSX,2025-11-19,1,9765.63,100000.05119999999,0,1,0,100000.05119999999
PCF,2025-12-18,1,5787.0,34820.479999999996,0,1,0,34820.479999999996
PCG-PX,2025-11-04,1,7500.0,119700.0,0,1,0,119700.0
PDYNW,2025-11-21,5,26300.0,142803.0,1,1,0,28560.6
PEB-PH,2025-11-19,1,10000.0,108500.0,0,1,0,108500.0
PEBO,2025-11-04,3,1660.0,48242.4,1,1,0,16080.800000000001
PEBO,2025-11-21,3,2450.0,70589.5,0,1,0,23529.833333333332
PENN,2025-11-21,3,62015.0,882777.85,1,1,0,294259.2833333333
PEPG,2025-09-30,1,200000.0,640000.0,0,0,0,640000.0
PEW-WT,2025-11-17,1,100000.0,389000.0,1,1,0,389000.0
PFBX,2025-12-17,2,3100.0,62920.0,0,1,0,31460.0
PFLT,2025-12-01,1,5500.0,50050.0,0,1,0,50050.0
PFXNZ,2025-12-24,4,3044.0,137732.59,1,1,0,34433.1475
PGIWX,2025-11-24,2,3545.53,88000.0546,0,1,0,44000.0273
PGNY,2025-11-13,1,79500.0,1931055.0,1,1,0,1931055.0
PGZ,2025-11-10,1,10000.0,103490.23999999999,0,0,0,103490.23999999999
PHIO,2025-11-21,2,10000.0,12050.0,1,1,0,6025.0
PHIO,2025-12-23,1,5000.0,5100.0,1,1,0,5100.0
PHXE-P,2025-09-29,9,20500.0,410000.0,1,1,0,45555.555555555555
PKOH,2025-11-12,1,600.0,11850.0,0,1,0,11850.0
PLCE,2025-10-08,1,7143.0,50001.0,1,1,0,50001.0
PLUG,2025-12-15,1,37300.0,87282.0,1,0,0,87282.0
PLUR,2025-04-28,1,452702.0,2086956.2200000002,0,1,0,2086956.2200000002
PLX,2025-12-19,1,56000.0,101360.0,1,1,0,101360.0
PML,2025-12-08,1,2819.0,21593.54,0,1,0,21593.54
PMN,2025-10-03,1,30392.0,14892.08,0,0,0,14892.08
PMT-PC,2025-10-24,1,1469.85,18622.9995,0,1,0,18622.9995
PMT-PC,2025-11-17,1,10000.0,124000.0,1,1,0,124000.0
PMTS,2025-12-04,2,210000.0,2844000.0,0,1,0,1422000.0
PNFP,2025-10-20,1,5000.0,438150.0,0,1,0,438150.0
PNNT,2025-12-01,1,4235.0,25028.850000000002,0,1,0,25028.850000000002
PODC,2025-11-26,3,29073.0,65523.310000000005,0,1,0,21841.103333333336
PODC,2025-12-16,2,11800.0,25000.0,0,1,0,12500.0
PODD,2025-12-05,1,962.0,299884.26,0,1,0,299884.26
POST,2025-11-24,1,1800.0,176274.0,0,1,0,176274.0
PPRUX,2025-11-03,1,2080.58,62999.9624,0,1,0,62999.9624
PPRUX,2025-11-24,2,2897.6,88000.11200000001,0,1,0,44000.056000000004
PPSI,2025-11-18,1,10000.0,33900.0,1,1,0,33900.0
PRAA,2025-11-06,1,15000.0,212250.0,0,1,0,212250.0
PRGO,2025-11-12,1,7500.0,106350.0,0,1,0,106350.0
PRIM,2025-10-15,1,11.5,1617.935,0,1,0,1617.935
PRKR,2025-11-18,1,4761905.0,1000000.0499999999,0,1,0,1000000.0499999999
PRMB,2025-11-13,4,203469.0,3214674.28,1,1,0,803668.57
PROP,2025-11-24,3,1790253.0,3074065.19,0,0,0,1024688.3966666666
PROP,2025-12-24,3,1440755.0,2439370.76,0,0,0,813123.5866666666
PRPO,2025-07-08,1,31.0,505.3,1,0,0,505.3
PRPO,2025-10-01,1,25.0,487.5,1,0,0,487.5
PRSU,2025-11-17,3,4000.0,134012.85,1,1,0,44670.950000000004
PSQH-WT,2025-11-26,2,16543.0,25134.2,1,1,0,12567.1
PSTV,2025-11-04,1,20000.0,10200.0,1,0,0,10200.0
Q,2025-11-21,1,3240.0,250452.0,0,1,0,250452.0
QBTS,2025-11-18,1,82.0,1794.98,0,1,0,1794.98
QDEL,2025-11-26,4,29640.0,658571.4,1,1,0,164642.85
QDEL,2025-12-10,1,750.0,21210.0,0,1,0,21210.0
QNBC,2025-09-26,1,281.93,10000.0571,0,1,0,10000.0571
QNBC,2025-11-20,3,3000.0,105208.5,0,1,0,35069.5
QNBC,2025-12-26,1,286.45,9999.9695,0,1,0,9999.9695
QNRX,2025-10-14,1,15152.0,128640.48000000001,0,1,0,128640.48000000001
QNTO,2025-12-04,3,3000.0,29905.0,1,1,0,9968.333333333334
QNTO,2025-12-12,2,1528.0,15805.279999999999,1,1,0,7902.639999999999
QRHC,2025-10-27,1,199759.0,260326.64,0,0,0,260326.64
QRHC,2025-12-23,1,5000.0,9800.0,0,1,0,9800.0
RANI,2025-10-23,1,2083334.0,1270833.74,0,1,0,1270833.74
RBA,2025-11-13,1,1000.0,101260.0,0,1,0,101260.0
RBKB,2025-11-06,1,1000.0,9670.0,1,0,0,9670.0
RCG,2025-10-03,4,3744.0,9790.56,1,0,0,2447.64
RCG,2025-11-04,21,20616.0,53854.8,1,0,0,2564.514285714286
RCG,2025-12-04,20,19656.0,51554.88,1,0,0,2577.7439999999997
RCG,2025-12-30,21,15956.0,42048.57,1,1,0,2002.3128571428572
RCKY,2025-11-06,1,300.0,8694.0,0,1,0,8694.0
RDGL,2025-12-02,2,200000.0,13000.0,1,1,0,6500.0
RDW,2025-11-14,5,68913.8,405011.944,1,1,0,81002.3888
RDZNW,2025-12-04,2,22000.0,34260.0,1,1,0,17130.0
REFI,2025-10-01,1,7500.0,93225.0,1,1,0,93225.0
REFI,2025-10-16,5,46150.0,579929.5,1,1,0,115985.9
REFLX,2025-10-29,1,23872.98,249950.1006,0,0,0,249950.1006
REZI,2025-11-13,2,1697906.63,53222128.9384,0,1,0,26611064.4692
RFM,2025-11-04,7,16510.0,236785.23,0,0,0,33826.46142857143
RFM,2025-11-26,7,24137.0,344173.38,0,0,0,49167.625714285714
RFMZ,2025-12-04,2,14033.0,178359.66999999998,0,0,0,89179.83499999999
RGCO,2025-10-01,3,32.44,729.9,1,0,0,243.29999999999998
RGCO,2025-11-03,3,34.93,730.0369999999999,1,0,0,243.34566666666663
RGCO,2025-12-01,3,49.17,1095.0158999999999,1,0,0,365.0053
RGP,2025-10-15,1,23015.0,100345.40000000001,1,1,0,100345.40000000001
RGP,2025-11-12,2,200000.0,904199.9999999999,0,1,0,452099.99999999994
RHEPB,2025-12-04,1,5403.0,7618.23,1,1,0,7618.23
RHEPB,2025-12-11,1,6049.0,8771.05,1,1,0,8771.05
RHLD,2025-11-18,4,11107.31,1800112.2738,1,1,0,450028.06845
RHP,2025-11-07,1,8993.0,828794.88,1,1,0,828794.88
RIG,2025-11-24,3,4500000.0,18089999.999999996,0,1,0,6029999.999999999
RKMIX,2025-12-15,1,16250.0,325000.0,0,0,0,325000.0
RLMD,2025-11-05,4,998500.0,2196700.0,1,1,0,549175.0
RLMD,2025-12-15,2,39165.0,161359.8,1,1,0,80679.9
RMCF,2025-11-04,8,457660.0,746912.92,1,1,0,93364.115
RMI,2025-11-04,11,41505.0,605461.8200000001,0,0,0,55041.98363636364
RMI,2025-11-24,7,33950.0,493373.5,0,0,0,70481.92857142857
RMI,2025-12-22,2,8999.0,130164.95000000001,0,0,0,65082.475000000006
RNAC,2025-12-04,1,30000.0,205800.0,0,1,0,205800.0
RNST,2025-11-11,1,2000.0,69580.0,0,1,0,69580.0
RNTX,2025-10-28,1,306050.0,423459.86,0,0,0,423459.86
RNTX,2025-11-14,1,104183.0,127103.26,0,0,0,127103.26
RNXT,2025-11-24,1,22000.0,17600.0,1,1,0,17600.0
RNXT,2025-12-18,4,32000.0,28550.0,1,1,0,7137.5
ROLR,2025-12-04,2,10541.0,20803.22,1,0,0,10401.61
ROLR,2025-12-19,2,12245.0,17922.93,1,0,0,8961.465
ROP,2025-11-12,2,11200.0,5063212.0,1,1,0,2531606.0
RPD,2025-11-28,6,267345.0,3895201.95,1,1,0,649200.3250000001
RRBI,2025-11-06,1,1046.0,68788.15,0,1,0,68788.15
RSG,2025-12-09,1,478.0,100121.88,0,1,0,100121.88
RUMBW,2025-11-21,1,1063670.0,5768906.28,0,0,0,5768906.28
RVP,2025-10-30,7,139066.0,128283.56,1,1,0,18326.222857142857
RVP,2025-11-14,3,13331.0,10718.869999999999,1,1,0,3572.9566666666665
RVSB,2025-12-05,1,975.0,4992.0,1,1,0,4992.0
RVT,2025-12-17,1,186.0,2951.8199999999997,1,0,0,2951.8199999999997
RXO,2025-11-20,5,58950.0,689900.33,1,1,0,137980.066
RYES,2025-05-08,1,121952.0,9756.16,1,0,0,9756.16
RYES,2025-10-24,3,7680000.0,1920000.0,1,1,0,640000.0
RZLT,2025-12-16,5,120250.0,202903.5,1,1,0,40580.7
S,2025-12-16,1,40000.0,595600.0,0,1,0,595600.0
SAIA,2025-11-26,1,422.0,117147.20000000001,0,1,0,117147.20000000001
SAIC,2025-10-10,1,100.0,9735.0,1,0,0,9735.0
SAIC,2025-12-16,3,3100.0,311171.0,1,1,0,103723.66666666667
SAMG,2025-12-01,1,21785.0,298762.25,1,1,0,298762.25
SATA,2025-11-05,1,15625.0,1250000.0,0,0,0,1250000.0
SATA,2025-12-15,1,515195.19,416892.6839,1,1,0,416892.6839
SATLW,2025-12-09,1,10000.0,18800.0,0,0,0,18800.0
SATS,2025-11-18,1,1000.0,68070.0,0,1,0,68070.0
SAVA,2025-09-30,1,13725.0,39939.75,1,0,0,39939.75
SAVA,2025-11-24,3,231985.0,640748.75,1,1,0,213582.91666666666
SBSI,2025-12-04,1,1807.0,55438.76,0,1,0,55438.76
SBUX,2025-11-10,1,11700.0,994500.0,0,1,0,994500.0
SCIIU,2025-11-28,1,510000.0,5100000.0,1,1,0,5100000.0
SCISX,2025-10-03,1,503995.98,12549499.901999999,0,0,0,12549499.901999999
SCISX,2025-12-03,1,98569.12,2452399.7056,0,0,0,2452399.7056
SCISX,2025-12-16,2,352626.78,8800000.048500001,0,0,0,4400000.024250001
SCKT,2025-11-04,1,10000.0,10050.0,0,1,0,10050.0
SCKT,2025-11-28,10,150176.0,177412.59,0,1,0,17741.259
SCND,2025-12-17,3,38200.0,21763.0,1,1,0,7254.333333333333
SCWO,2025-12-16,2,470000.0,107900.0,1,1,0,53950.0
SEI,2025-12-17,2,8289.0,349239.81,1,1,0,174619.905
SELF,2025-12-04,9,84353.0,431147.88,1,1,0,47905.32
SELF,2025-12-05,1,4400.0,22364.0,1,1,0,22364.0
SENS,2025-11-10,4,47625.0,285812.9,1,1,0,71453.225
SEVN,2025-12-11,2,4031496.0,34872440.4,0,1,0,17436220.2
SEZL,2025-11-12,1,1217.0,69977.5,0,1,0,69977.5
SFNC,2025-10-30,2,11603.0,203016.32,1,1,0,101508.16
SFST,2025-11-03,3,525.0,23011.25,0,1,0,7670.416666666667
SG,2025-11-12,2,197915.0,1099491.75,1,1,0,549745.875
SGC,2025-11-20,1,1000.0,8490.0,0,1,0,8490.0
SGHT,2025-12-16,1,13958.0,115990.98000000001,0,1,0,115990.98000000001
SGI,2025-12-02,1,32000.0,2988828.8400000003,0,1,0,2988828.8400000003
SGRP,2025-10-03,1,173000.0,176460.0,1,0,0,176460.0
SGRP,2025-12-19,1,55000.0,42900.0,1,0,0,42900.0
SHBI,2025-11-26,3,7700.0,121993.5,1,1,0,40664.5
SHIM,2025-08-21,1,2000.0,5600.0,1,0,0,5600.0
SI,2025-12-12,2,9200.0,136641.65,1,1,0,68320.825
SIGIP,2025-10-24,1,2700.0,205659.0,1,0,0,205659.0
SILO,2025-11-21,2,14000.0,5585.0,1,1,0,2792.5
SILO,2025-12-15,1,5000.0,2075.0,1,1,0,2075.0
SINT,2025-10-20,1,5800.0,19720.0,1,1,0,19720.0
SINT,2025-11-07,1,10000.0,31900.0,1,1,0,31900.0
SINT,2025-12-08,2,53200.0,211896.0,1,1,0,105948.0
SLGL,2025-12-03,3,13597.0,502791.95999999996,0,0,0,167597.31999999998
SLGL,2025-12-31,5,72775.0,3046794.7199999997,0,0,0,609358.9439999999
SLGN,2025-10-31,1,7000.0,267330.0,1,1,0,267330.0
SLGN,2025-11-07,1,1000.0,38110.0,1,0,0,38110.0
SLRX,2025-11-20,2,25000.0,19750.0,1,1,0,9875.0
SLS,2025-11-19,1,63400.0,100806.0,0,1,0,100806.0
SLSN,2025-11-19,1,35056.0,63273.58,0,1,0,63273.58
SLSN,2025-12-24,1,2500.0,4785.0,0,1,0,4785.0
SMMT,2025-10-21,3,586977.0,10999948.98,1,1,0,3666649.66
SMPL,2025-11-17,2,14946.0,299019.46,1,0,0,149509.73
SMRT,2025-12-04,5,475000.0,788832.21,1,1,0,157766.44199999998
SMRT,2025-12-16,4,284086.0,564298.9199999999,1,1,0,141074.72999999998
SND,2025-11-28,1,7658.0,22384.77,1,0,0,22384.77
SNEX,2025-12-16,1,1000.0,97250.0,1,1,0,97250.0
SNGX,2025-10-02,1,15132.0,19974.24,1,1,0,19974.24
SNV,2025-10-20,1,1000.0,45370.0,0,1,0,45370.0
SNWV,2025-10-06,1,1267.0,38364.76,0,0,0,38364.76
SOC,2025-10-15,1,982645.0,14777318.6,0,0,0,14777318.6
SON,2025-10-29,2,23006.0,909660.45,1,1,0,454830.225
SONO,2025-11-17,1,62325.0,1007795.2500000001,1,1,0,1007795.2500000001
SPFX,2025-11-25,3,1320.0,2984.8,1,1,0,994.9333333333334
SPFX,2025-12-10,1,1000.0,1910.0,1,1,0,1910.0
SPG-PJ,2025-09-30,10,2121.0,394399.94999999995,0,1,0,39439.994999999995
SPG-PJ,2025-11-18,1,588.0,106310.40000000001,0,1,0,106310.40000000001
SPG-PJ,2025-12-15,1,545.0,100258.2,0,1,0,100258.2
SPMA,2025-10-22,2,28000.0,434270.0,1,1,0,217135.0
SPMA,2025-12-19,2,9480.0,129096.88,1,1,0,64548.44
SPRB,2025-10-06,2,512.0,9169.92,0,0,0,4584.96
SPRU,2025-12-04,5,1532643.0,6362586.92,0,0,0,1272517.384
SPRU,2025-12-29,5,216172.0,1091054.91,0,0,0,218210.982
SPT,2025-12-17,1,90661.0,1009963.54,0,1,0,1009963.54
SPWH,2025-10-03,3,143279.0,390609.19999999995,1,1,0,130203.06666666665
SQFTW,2025-12-26,3,21000.0,75880.0,1,1,0,25293.333333333332
SRBK,2025-12-04,6,4000.0,61826.0,1,1,0,10304.333333333334
SRRK,2025-10-03,1,387414.0,14438543.93,0,1,0,14438543.93
SRRK,2025-10-07,2,142624.0,5550441.93,0,1,0,2775220.965
SRTAW,2025-12-09,2,22000.0,97840.0,1,1,0,48920.0
SRTS,2025-11-21,7,40500.0,164639.36,1,1,0,23519.90857142857
SRV,2025-11-11,1,750.0,31867.5,0,1,0,31867.5
SRV,2025-12-18,3,730.0,29119.7,0,1,0,9706.566666666668
SRZNW,2025-12-04,4,641446.0,8163792.300000001,0,1,0,2040948.0750000002
SRZNW,2025-12-05,2,61768.0,1206946.72,0,1,0,603473.36
SSGC,2025-12-22,1,100000.0,25001.0,1,0,0,25001.0
SSKN,2025-11-18,1,5000.0,7028.32,0,1,0,7028.32
STAA,2025-11-21,1,1500000.0,41061614.88,0,0,0,41061614.88
STBA,2025-10-28,1,2500.0,91375.0,0,1,0,91375.0
STCB,2025-11-26,2,329602.0,8417.5,1,1,0,4208.75
STEW,2025-01-31,1,775.53,12920.3298,1,1,0,12920.3298
STEW,2025-04-30,1,712.61,12028.8568,1,1,0,12028.8568
STEW,2025-07-31,1,684.67,12146.045799999998,1,1,0,12146.045799999998
STEX,2025-11-21,1,7000.0,25060.0,0,1,0,25060.0
STK,2025-12-15,1,100.0,3600.0,0,1,0,3600.0
STKL,2025-11-24,1,15000.0,50850.0,1,0,0,50850.0
STRD,2025-10-17,1,23780.0,2316411.0,0,1,0,2316411.0
STRD,2025-11-21,1,1100.0,104808.0,0,1,0,104808.0
STRO,2025-10-15,5,111754.0,89600.7,1,1,0,17920.14
STRRP,2025-09-30,1,7600.0,85670.0,1,1,0,85670.0
STRRP,2025-11-19,1,20794.0,214432.1,1,1,0,214432.1
STRRP,2025-12-31,3,304608.0,3190719.17,1,1,0,1063573.0566666666
STRUX,2025-09-29,1,5252.1,74999.988,0,1,0,74999.988
STRZ,2025-11-18,1,30000.0,336442.12,1,1,0,336442.12
STXS,2025-11-17,1,30000.0,66600.0,0,1,0,66600.0
SUNC,2025-11-26,3,10000.0,494856.66000000003,1,1,0,164952.22
SUNS,2025-11-24,3,88000.0,835703.5800000001,1,1,0,278567.86000000004
SURG,2025-12-10,1,38422.0,61675.200000000004,0,1,0,61675.200000000004
SVCO,2025-09-15,1,5100.0,25653.0,1,0,0,25653.0
SVCO,2025-11-18,4,55272.0,224140.80000000002,1,1,0,56035.200000000004
SVCO,2025-12-11,4,49100.0,198011.0,1,1,0,49502.75
SWZ,2025-10-27,1,1000.0,6060.0,0,1,0,6060.0
SXC,2025-11-07,2,19288.0,129627.04,1,1,0,64813.52
SXI,2025-08-29,2,3500.0,726500.0,0,1,0,363250.0
SXT,2025-11-04,2,3150.0,291167.0,1,1,0,145583.5
SXTPW,2025-12-15,2,22633.0,19942.46,1,1,0,9971.23
SYBT,2025-11-06,1,2000.0,133060.0,0,1,0,133060.0
TAP-A,2025-11-10,2,9745.0,450760.15,0,1,0,225380.075
TBBK,2025-11-14,2,7145.0,446570.15,1,1,0,223285.075
TBNRL,2025-11-21,1,2000.0,47000.0,0,1,0,47000.0
TBRG,2025-12-03,5,299597.0,6373962.74,1,0,0,1274792.548
TBTC,2025-12-04,1,43251.0,165516.35,0,1,0,165516.35
TBTC,2025-12-08,2,1101.0,4238.85,0,1,0,2119.425
TCBIO,2025-10-28,2,20000.0,413650.0,0,1,0,206825.0
TCBX,2025-11-19,1,135.0,4924.799999999999,1,0,0,4924.799999999999
TCRX,2025-12-23,1,161801.0,145620.9,0,0,0,145620.9
TDG,2025-11-14,1,1954.0,2616672.75,1,1,0,2616672.75
TDOC,2025-11-14,1,10000.0,69400.0,0,1,0,69400.0
TDUP,2025-11-05,1,65000.0,522599.99999999994,0,1,0,522599.99999999994
TEAD,2025-12-12,1,10000.0,7324.32,0,1,0,7324.32
TEAM,2025-10-01,1,1566.0,239752.76,0,1,0,239752.76
TEAM,2025-11-03,1,1476.0,250905.24000000002,0,1,0,250905.24000000002
TEAM,2025-12-01,1,1672.0,247506.16,0,1,0,247506.16
TELA,2025-11-17,1,3604000.0,4000440.0000000005,0,0,0,4000440.0000000005
TENX,2025-12-04,5,19591.0,153709.37,1,1,0,30741.874
TENX,2025-12-09,1,5000.0,50800.0,1,1,0,50800.0
TEX,2025-10-31,1,2120.0,98770.8,0,1,0,98770.8
TFSL,2025-12-15,1,1439.0,19987.71,0,1,0,19987.71
TH,2025-12-03,2,270000.0,1985750.0,0,1,0,992875.0
THFF,2025-06-10,1,148.0,8419.72,0,1,0,8419.72
THFF,2025-10-13,1,2295.0,119913.75,0,1,0,119913.75
THFF,2025-12-04,1,28.0,1686.4399999999998,0,1,0,1686.4399999999998
THRY,2025-11-07,2,26500.0,173351.0,1,1,0,86675.5
TIPT,2025-11-07,1,5500.0,100595.0,0,1,0,100595.0
TISI,2025-12-04,3,18634.0,279772.22,0,1,0,93257.40666666666
TISI,2025-12-08,1,2396.0,35789.479999999996,0,0,0,35789.479999999996
TMDX,2025-11-17,1,8775.0,1000350.0,1,1,0,1000350.0
TMP,2025-11-21,1,1462.76,99994.2736,0,1,0,99994.2736
TMUSL,2025-11-06,1,9800.0,1977836.0,1,1,0,1977836.0
TOFB,2025-10-03,2,736.0,495.62,0,0,0,247.81
TOFB,2025-11-03,5,12206.0,8332.44,0,0,0,1666.488
TOFB,2025-11-07,1,3158.0,2273.76,0,0,0,2273.76
TOFB,2025-12-23,2,58250.0,42102.5,0,0,0,21051.25
TOL,2025-08-06,1,68.0,8627.16,0,1,0,8627.16
TPC,2025-11-25,2,45000.0,2870338.9000000004,1,1,0,1435169.4500000002
TPL,2025-10-03,4,4.0,3796.88,0,0,0,949.22
TPL,2025-11-04,21,22.0,20441.74,0,0,0,973.4161904761905
TPL,2025-12-04,20,21.0,19458.74,0,0,0,972.9370000000001
TPL,2025-12-30,17,17.0,12073.81,0,0,0,710.2241176470588
TPVG,2025-12-04,16,1358488.0,8459946.4,1,1,0,528746.65
TPVG,2025-12-30,16,988150.0,6374153.06,1,1,0,398384.56625
TPZ,2025-11-12,1,2000.0,42400.0,0,1,0,42400.0
TRDA,2025-11-20,2,206911.0,1614102.49,0,0,0,807051.245
TREX,2025-10-10,1,59.0,2591.28,1,0,0,2591.28
TREX,2025-11-14,1,15000.0,478800.0,1,0,0,478800.0
TRINI,2025-11-19,5,18657.0,269419.04,1,1,0,53883.808
TRINI,2025-12-15,1,1500.0,22655.0,0,1,0,22655.0
TRS,2025-11-12,2,2073.6,65270.784,0,1,0,32635.392
TRST,2025-11-26,1,200.0,8538.0,0,1,0,8538.0
TSI,2025-12-01,1,20500.0,101038.18,0,1,0,101038.18
TSLX,2025-11-18,1,10000.0,208500.0,1,1,0,208500.0
TSQ,2025-11-03,1,855.0,5386.5,1,0,0,5386.5
TSSI,2025-11-18,1,5000.0,40000.0,0,1,0,40000.0
TTRX,2025-10-23,3,39538.0,190713.0,1,1,0,63571.0
TTRX,2025-11-24,4,35350.0,108997.26000000001,1,1,0,27249.315000000002
TTRX,2025-12-12,1,2500.0,8750.0,1,0,0,8750.0
TUSK,2025-12-11,1,10000.0,18900.0,0,1,0,18900.0
TWAV,2025-11-19,3,25000.0,47000.0,1,1,0,15666.666666666666
TWLVU,2025-12-15,1,600000.0,6000000.0,1,1,0,6000000.0
TXMD,2025-12-23,1,8400.0,14028.0,0,1,0,14028.0
TXO,2025-12-11,1,2000.0,23800.0,0,1,0,23800.0
TYG,2025-11-12,2,6000.0,280980.0,0,1,0,140490.0
UA,2025-12-29,1,15681964.0,70972292.55,0,0,0,70972292.55
UBER,2025-10-14,1,5.0,465.0,1,0,0,465.0
UFI,2025-12-04,3,100000.0,347515.33999999997,0,1,0,115838.44666666666
UHT,2025-10-29,1,12247.0,453383.94000000006,1,1,0,453383.94000000006
ULBI,2025-11-24,3,57650.0,287735.5,1,1,0,95911.83333333333
ULBI,2025-12-16,2,54739.0,310836.87,0,1,0,155418.435
UMBFO,2025-11-03,2,449.33000000000004,47813.2053,0,1,0,23906.60265
UMH-PD,2025-10-15,3,671.37,9503.146100000002,0,1,0,3167.7153666666673
UMH-PD,2025-11-24,1,2000.0,29840.0,0,1,0,29840.0
UMH-PD,2025-12-15,1,32.79,500.0475,0,1,0,500.0475
UNB,2025-05-01,1,6.01,208.3667,0,0,0,208.3667
UNB,2025-08-07,1,7.8,210.678,0,0,0,210.678
UNB,2025-11-06,1,9.24,213.3516,0,0,0,213.3516
UPBD,2025-10-21,1,1951.0,43448.770000000004,0,1,0,43448.770000000004
UPST,2025-11-11,1,100000.0,3922799.9999999995,1,1,0,3922799.9999999995
UPXI,2025-11-20,2,250000.0,673500.0,0,1,0,336750.0
UPXI,2025-12-23,2,200000.0,400499.99999999994,1,1,0,200249.99999999997
URG,2025-11-20,2,299000.0,370430.0,1,0,0,185215.0
USA,2025-10-01,1,1000.0,6370.0,1,0,0,6370.0
USA,2025-11-21,1,500.0,2930.0,1,0,0,2930.0
USA,2025-12-30,1,1600.0,10080.0,1,0,0,10080.0
USIO,2023-05-18,1,18238.0,38664.56,0,0,0,38664.56
USIO,2023-06-16,1,170994.0,355257.52999999997,0,0,0,355257.52999999997
USIO,2023-06-20,1,9000.0,17640.0,0,0,0,17640.0
USPH,2025-11-20,1,4000.0,276000.0,0,1,0,276000.0
UTG,2025-10-23,2,5400.0,204119.99999999997,0,0,0,102059.99999999999
UTI,2025-12-03,2,1063343.0,25944804.66,0,1,0,12972402.33
UTI,2025-12-05,1,191830.0,4868645.399999999,0,1,0,4868645.399999999
UTZ,2025-11-03,6,140392.0,1475072.94,1,1,0,245845.49
UTZ,2025-11-24,4,114911.0,1107569.28,0,1,0,276892.32
UUU,2025-10-03,2,18697.0,88548.32,0,1,0,44274.16
UUU,2025-12-04,5,44077.0,176840.78999999998,0,1,0,35368.157999999996
UUU,2025-12-29,6,55113.0,258667.76,0,1,0,43111.293333333335
UVSP,2025-11-10,1,655.0,19525.0,0,1,0,19525.0
UWHR,2025-12-15,1,80.0,840.0,0,1,0,840.0
VAC,2025-11-25,9,133100.0,6276702.0,1,1,0,697411.3333333334
VACI-UN,2025-11-03,1,700000.0,7000000.0,1,1,0,7000000.0
VANI,2025-10-27,2,5441467.0,7983331.540000001,0,1,0,3991665.7700000005
VANI,2025-11-15,1,1737764.0,1983332.6800000002,0,1,0,1983332.6800000002
VANI,2025-12-29,2,1757765.0,2007933.9400000002,0,1,0,1003966.9700000001
VENU,2025-11-18,1,39800.0,334666.57,0,0,0,334666.57
VENU,2025-12-26,1,600.0,4892.0,0,1,0,4892.0
VERA,2025-12-11,1,5882.0,249985.0,0,1,0,249985.0
VIRC,2025-10-17,2,18022.0,130381.48,1,1,0,65190.74
VKQ,2025-11-05,1,5200.0,50023.99999999999,0,0,0,50023.99999999999
VNRX,2025-10-14,3,254229.0,129656.79000000001,1,1,0,43218.93
VNRX,2025-11-17,1,20000.0,7000.0,1,1,0,7000.0
VRA,2025-12-15,2,353000.0,694320.0,0,1,0,347160.0
VRCA,2025-11-25,5,4236346.0,17962107.04,1,1,0,3592421.408
VRDN,2025-10-23,1,454545.0,9999990.0,0,1,0,9999990.0
VRSK,2025-10-31,3,1450.0,314662.5,0,1,0,104887.5
VSTS,2025-12-04,1,164000.0,1041407.3400000001,1,1,0,1041407.3400000001
VSTS,2025-12-19,3,1041810.0,7096894.319999999,0,1,0,2365631.44
VTSI,2025-11-19,3,10000.0,48327.12,1,1,0,16109.04
VVV,2025-11-24,2,14500.0,452790.0,1,1,0,226395.0
VXRT,2025-11-17,2,60000.0,24135.66,0,1,0,12067.83
WAFDP,2025-12-03,2,6000.0,100200.0,1,1,0,50100.0
WAL-PA,2025-10-30,1,4000.0,308000.0,1,0,0,308000.0
WBHC,2025-10-22,2,68.0,5372.0,1,1,0,2686.0
WBHC,2025-12-12,1,1243.0,99999.35,0,1,0,99999.35
WDFC,2025-10-30,6,2640.0,522765.33,1,1,0,87127.55500000001
WDI,2025-11-20,1,1410.0,20036.100000000002,0,1,0,20036.100000000002
WEN,2025-11-20,2,2200.0,17846.0,1,0,0,8923.0
WERN,2025-01-06,7,979.09,35609.5033,1,1,0,5087.0719
WERN,2025-01-16,7,271.49,9974.5426,1,1,0,1424.9346571428573
WERN,2025-04-03,7,1396.3300000000002,41722.3404,1,1,0,5960.334342857143
WERN,2025-05-08,7,297.25,7573.93,1,1,0,1081.99
WERN,2025-07-07,7,1227.23,35761.4822,1,1,0,5108.783171428571
WERN,2025-07-24,7,272.01,7787.6463,1,1,0,1112.5209
WERN,2025-10-03,7,1586.6399999999999,41728.632,1,1,0,5961.233142857142
WERN,2025-10-23,7,279.2,8049.336,1,1,0,1149.905142857143
WEST,2025-11-24,6,450461.0,1925977.8199999998,1,1,0,320996.3033333333
WEST,2025-12-10,1,100000.0,413999.99999999994,1,1,0,413999.99999999994
WEX,2025-11-13,1,1000.0,144250.0,0,1,0,144250.0
WGO,2025-10-24,1,2700.0,108729.00000000001,0,1,0,108729.00000000001
WHFCL,2025-11-14,3,43300.0,298694.0,1,1,0,99564.66666666667
WHFCL,2025-12-24,3,44676.0,310216.28,1,1,0,103405.42666666668
WM,2025-11-03,1,2000.0,392840.0,0,1,0,392840.0
WMG,2025-12-02,2,71620.0,1996765.5999999999,0,1,0,998382.7999999999
WMG,2025-12-11,1,35778.0,1006077.36,1,0,0,1006077.36
WMK,2025-11-07,1,500.0,32755.000000000004,1,0,0,32755.000000000004
WOLF,2025-10-31,1,194305.0,5160601.95,0,0,0,5160601.95
WRB-PH,2025-12-29,2,1489923.0,104585864.91,0,0,0,52292932.455
WSBCO,2025-10-30,1,3321.16,100000.10759999999,0,1,0,100000.10759999999
WTI,2025-10-02,1,286842.0,527789.28,1,1,0,527789.28
WU,2025-11-10,1,10000.0,89500.0,1,0,0,89500.0
WULF,2025-11-13,1,4178.0,50177.78,0,1,0,50177.78
WVE,2025-11-13,1,1000.0,6690.0,0,1,0,6690.0
WVE,2025-12-11,1,1470000.0,27930000.0,0,0,0,27930000.0
WVVIP,2025-11-24,2,6121.0,15854.34,1,1,0,7927.17
WVVIP,2025-12-11,1,3000.0,8789.19,1,0,0,8789.19
WW,2025-11-19,1,29057.0,643476.1699999999,0,1,0,643476.1699999999
WWW,2025-11-07,3,33250.0,524572.5,0,1,0,174857.5
WY,2025-12-17,1,4500.0,106245.0,0,1,0,106245.0
WYY,2025-12-29,2,2500.0,13920.0,1,1,0,6960.0
XASIX,2025-11-03,1,25423.37,254233.69999999998,0,0,0,254233.69999999998
XCPIX,2025-11-03,3,41935.49,650000.095,1,1,0,216666.69833333333
XELB,2025-12-17,3,181466.0,130315.22,1,1,0,43438.40666666667
XFLT,2025-10-24,1,20000.0,100200.0,0,0,0,100200.0
XFOR,2025-10-23,1,86206.0,249997.4,1,1,0,249997.4
XIVYX,2025-10-01,1,41.63,499.97630000000004,1,0,0,499.97630000000004
XIVYX,2025-11-03,1,41.05,499.989,1,0,0,499.989
XIVYX,2025-12-01,1,41.02,500.03380000000004,1,0,0,500.03380000000004
XOMAP,2025-12-04,1,100000.0,2505000.0,1,1,0,2505000.0
XPL,2025-11-21,1,10000.0,5500.0,1,0,0,5500.0
XRAY,2025-11-24,1,9337.0,99999.27,0,1,0,99999.27
XSPIX,2025-12-15,2,33480.01,1750000.1227000002,1,1,0,875000.0613500001
XZO,2025-11-06,9,90000.0,1890000.0,1,1,0,210000.0
XZO,2025-12-18,3,32550.0,637329.0,1,1,0,212443.0
YCY-WT,2025-10-02,2,668000.0,6680000.0,1,1,0,3340000.0
YCY-WT,2025-10-09,2,52500.0,525000.0,1,1,0,262500.0
YHC,2025-12-17,1,2000000.0,1800000.0,1,1,0,1800000.0
YORW,2025-10-03,1,15.0,451.05,1,1,0,451.05
YORW,2025-10-16,7,477.55999999999995,13768.0548,1,1,0,1966.8649714285714
YORW,2025-11-13,1,30.0,963.3,1,1,0,963.3
YORW,2025-12-22,1,44.49,1500.2028,0,1,0,1500.2028
YYAI,2025-10-27,2,3219228.0,1043412.73,0,0,0,521706.365
ZBIO,2024-09-13,1,58823.0,999991.0,0,1,0,999991.0
ZBIO,2025-10-09,6,923035.0,17628163.3,1,1,0,2938027.216666667
ZBRA,2025-11-18,1,1000.0,233118.27,0,1,0,233118.27
ZEUS,2025-12-09,1,5030.0,200646.7,0,1,0,200646.7
ZIVOW,2025-09-30,1,15322.0,244998.78,0,1,0,244998.78
ZIVOW,2025-10-13,3,45600.0,554407.8300000001,0,1,0,184802.61000000002
ZIVOW,2025-11-28,1,2777.0,24993.0,0,1,0,24993.0
ZOMDF,2025-11-13,4,528007.0,47740.56,1,0,0,11935.14
ZONE,2025-12-01,1,18750.0,5625.0,1,1,0,5625.0
