Timestamp,PM2.5 (µg/m³),PM10 (µg/m³),NO (µg/m³),NO2 (µg/m³),NOx (ppb),NH3 (µg/m³),SO2 (µg/m³),CO (mg/m³),Ozone (µg/m³),Benzene (µg/m³),Toluene (µg/m³),Index Value,temperature_2m_mean (°C),temperature_2m_max (°C),temperature_2m_min (°C),apparent_temperature_mean (°C),apparent_temperature_max (°C),apparent_temperature_min (°C),wind_speed_10m_max (km/h),wind_gusts_10m_max (km/h),wind_direction_10m_dominant (°),Number of Admissions
2017-05-01,38.35,61.36,16.18,5.71,116.68,50.755,1.82,0.7,25.85,0.0,0.01,87.0,26.9,35.6,17.4,26.3,36.0,16.9,13.7,29.5,8,28.0
2017-05-02,48.6,77.75,15.48,5.74,116.68,50.755,4.74,0.9,43.53,0.0,0.0,79.0,29.4,37.8,19.4,27.7,38.1,16.9,17.2,29.5,46,14.0
2017-05-03,46.94,75.1,18.65,4.8,116.68,50.755,2.38,1.19,19.42,0.0,0.13,81.0,30.2,36.8,25.1,28.4,35.9,23.7,19.1,40.7,39,15.0
2017-05-04,57.095,119.76,15.73,14.73,116.68,50.755,1.82,0.645,11.61,2.64,1.77,108.5,29.2,36.0,23.6,28.1,37.4,21.9,18.8,35.3,20,17.0
2017-05-05,75.77,121.22,8.48,8.62,116.68,50.755,0.99,0.49,32.05,2.64,1.77,108.5,29.5,38.0,20.9,28.6,37.7,19.5,15.3,33.8,326,23.0
2017-05-06,45.17,72.27,14.23,6.48,116.68,50.755,3.69,0.88,32.92,2.64,1.77,99.0,31.3,39.5,22.6,31.2,40.3,22.3,18.4,38.2,330,16.0
2017-05-07,52.4,83.85,13.72,6.77,116.68,50.755,2.15,0.83,56.53,2.64,1.77,97.0,32.0,41.0,23.0,31.2,41.1,22.2,18.8,42.5,332,23.0
2017-05-08,42.62,68.2,2.9,10.87,116.68,50.755,2.59,0.4,18.46,2.64,1.77,92.0,33.0,41.8,23.2,32.4,43.3,22.5,15.8,34.9,319,24.0
2017-05-09,74.85,119.76,3.28,12.34,116.68,50.755,3.03,0.98,9.81,2.64,1.77,112.0,32.4,42.0,26.3,32.9,43.2,24.3,28.1,55.1,113,25.0
2017-05-10,109.99,175.98,17.82,3.97,116.68,50.755,9.34,1.43,14.1,2.64,1.77,124.0,31.6,39.7,27.0,32.6,42.3,27.5,21.0,43.6,132,24.0
2017-05-11,61.75,98.8,13.23,6.74,116.68,50.755,6.81,1.47,27.78,2.64,1.77,114.0,31.6,37.8,24.5,32.5,39.6,26.5,17.1,33.5,345,13.0
2017-05-12,54.48,87.18,12.33,6.27,116.68,50.755,4.26,1.21,22.28,2.64,1.77,102.0,31.7,39.7,23.8,32.0,41.0,24.3,13.9,31.0,316,19.0
2017-05-13,68.94,110.3,8.05,7.96,116.68,50.755,1.82,0.77,35.88,2.64,0.1,95.0,32.4,39.8,25.5,32.3,41.2,25.0,16.1,36.4,321,20.0
2017-05-14,49.03,78.45,12.54,6.12,116.68,50.755,4.53,1.23,30.69,2.64,1.77,93.0,32.2,40.0,25.0,32.2,39.7,24.6,24.0,49.7,301,16.0
2017-05-15,63.7,101.92,14.07,5.52,116.68,50.755,5.14,1.26,20.47,2.64,1.77,106.0,33.4,41.5,24.9,33.3,43.3,25.2,15.6,35.3,311,30.0
2017-05-16,57.095,119.76,15.73,14.73,116.68,50.755,1.82,0.645,11.61,2.64,1.77,106.0,30.9,37.9,25.9,31.1,39.8,26.0,15.4,35.3,316,18.0
2017-05-17,77.34,123.75,15.31,4.35,116.68,50.755,4.88,1.08,5.74,2.64,1.77,124.0,29.4,37.3,23.0,30.7,39.0,24.5,31.0,58.7,316,26.0
2017-05-18,67.23,107.56,10.76,6.24,116.68,50.755,1.35,1.09,12.19,2.64,1.77,109.0,30.1,37.0,23.6,32.1,40.0,25.5,19.6,48.6,33,20.0
2017-05-19,45.26,72.41,12.41,5.89,116.68,50.755,2.78,1.12,12.23,2.64,1.77,87.0,31.5,39.4,23.9,32.8,41.5,25.8,24.9,47.2,42,18.0
2017-05-20,52.82,84.5,12.42,5.47,116.68,50.755,0.03,0.67,6.9,2.64,1.77,99.0,31.4,39.0,23.0,32.3,42.1,23.7,16.8,35.3,99,15.0
2017-05-21,42.06,67.3,16.18,3.92,116.68,50.755,1.73,0.73,4.76,2.64,1.77,91.0,30.7,37.8,23.6,31.4,41.0,24.1,15.1,33.1,326,16.0
2017-05-22,40.92,65.47,14.67,4.76,116.68,50.755,4.44,0.79,34.47,2.64,1.77,86.0,28.4,35.0,22.4,30.6,38.8,24.9,13.2,32.4,319,18.0
2017-05-23,57.095,119.76,15.73,14.73,116.68,50.755,1.82,0.645,11.61,2.64,1.77,97.0,29.5,36.0,23.0,31.8,39.3,25.1,8.9,21.6,319,24.0
2017-05-24,54.35,86.95,14.86,4.62,116.68,50.755,3.7,0.9,13.41,2.64,1.77,79.0,30.9,38.0,23.0,32.6,41.6,24.3,10.9,23.0,84,27.0
2017-05-25,53.9,86.22,16.84,3.93,116.68,50.755,0.45,1.28,25.32,2.64,1.77,92.0,32.4,39.5,24.5,34.0,42.8,26.5,10.0,25.6,209,20.0
2017-05-26,51.21,81.93,13.01,6.14,116.68,50.755,2.89,0.79,11.35,2.64,1.77,76.0,33.7,41.7,24.5,34.5,44.9,25.6,22.9,48.6,71,14.0
2017-05-27,57.095,119.76,15.73,14.73,116.68,50.755,1.82,0.645,11.61,2.64,1.77,75.0,32.9,41.8,25.0,33.5,45.0,24.8,19.2,39.6,124,18.0
2017-05-28,79.86,127.78,14.35,5.42,116.68,50.755,3.12,0.05,11.98,2.64,1.77,86.0,32.1,38.9,27.5,33.4,40.9,28.5,25.2,50.0,131,14.0
2017-05-29,39.79,63.66,16.48,4.02,116.68,50.755,3.59,0.78,8.52,2.64,1.77,78.0,30.8,36.0,26.5,32.9,39.7,28.3,19.7,42.8,132,15.0
2017-05-30,45.2,72.32,8.57,6.78,116.68,50.755,1.82,0.23,26.23,2.64,1.77,153.0,31.3,37.1,25.0,33.9,40.2,28.2,12.7,29.9,82,21.0
2017-05-31,123.81,198.09,13.73,3.12,116.68,50.755,4.23,1.02,18.16,2.64,1.77,162.0,29.8,35.7,24.1,31.8,38.5,26.0,22.8,47.9,104,9.0
2017-06-01,57.095,119.76,15.73,14.73,116.68,50.755,1.82,0.645,11.61,2.64,1.77,140.0,30.5,37.8,22.1,31.4,39.5,23.0,18.9,38.9,3,21.0
2017-06-02,40.96,65.54,35.2,14.73,116.68,50.755,8.64,0.91,16.14,2.64,1.77,114.0,32.3,40.0,23.1,32.9,40.5,23.3,15.0,32.8,312,18.0
2017-06-03,59.58,95.32,27.53,14.73,116.68,50.755,7.54,0.84,63.13,2.64,1.77,118.0,33.9,42.8,24.0,34.2,42.3,24.9,16.3,35.6,302,27.0
2017-06-04,57.095,119.76,15.73,14.73,116.68,50.755,1.82,0.645,11.61,2.64,1.77,102.0,36.3,44.8,26.6,37.2,46.5,27.5,11.7,28.1,280,20.0
2017-06-05,57.25,91.6,29.69,14.73,116.68,50.755,7.68,1.04,19.3,2.64,1.77,112.0,36.6,44.4,28.8,37.6,46.4,29.1,16.2,35.6,276,36.0
2017-06-06,46.62,74.59,19.69,14.73,116.68,50.755,1.57,0.68,13.31,7.93,0.1,98.0,35.4,39.8,30.5,37.1,42.6,31.6,24.2,39.6,143,24.0
2017-06-07,37.17,119.76,16.69,0.19,116.68,50.755,3.48,0.81,11.61,6.55,0.27,141.0,28.7,33.3,25.0,31.8,37.3,29.3,24.3,48.6,128,23.0
2017-06-08,39.9,63.84,15.64,0.77,116.68,50.755,3.99,0.68,23.53,5.18,0.12,71.0,30.8,38.1,25.2,34.0,42.0,27.9,13.8,32.0,357,25.0
2017-06-09,57.095,119.76,16.51,0.74,116.68,50.755,5.47,1.04,11.61,6.49,0.12,88.0,29.9,34.7,24.1,33.3,39.3,28.3,15.5,42.8,308,13.0
2017-06-10,57.095,119.76,15.73,14.73,116.68,50.755,1.82,0.645,11.61,2.64,1.77,84.0,30.6,37.2,24.7,33.2,42.0,27.7,17.9,36.4,302,20.0
2017-06-11,43.24,69.18,13.26,1.98,116.68,50.755,3.53,0.64,6.73,3.35,0.04,84.0,30.1,37.3,23.6,31.8,40.0,24.9,12.7,29.9,334,11.0
2017-06-12,57.095,119.76,15.73,0.72,116.68,50.755,2.6,0.91,11.61,5.95,0.06,77.0,31.4,39.0,23.5,32.9,40.4,25.8,14.6,39.2,309,10.0
2017-06-13,57.14,91.42,15.68,1.68,116.68,50.755,21.13,1.39,11.61,8.75,1.77,85.0,32.0,39.9,24.5,33.8,43.8,26.3,18.9,36.7,338,22.0
2017-06-14,57.095,119.76,15.73,14.73,116.68,50.755,1.82,0.645,11.61,2.64,1.77,97.0,33.7,40.5,27.5,35.0,41.9,29.6,15.7,31.7,310,21.0
2017-06-15,97.59,156.14,21.65,14.73,116.68,50.755,6.05,0.55,12.13,3.33,1.77,194.0,32.3,40.0,26.1,34.3,43.0,27.7,16.5,55.8,292,17.0
2017-06-16,40.89,65.43,12.71,1.86,116.68,50.755,7.2,0.78,10.32,4.93,1.77,145.0,31.8,38.4,25.6,33.7,41.1,27.5,16.5,37.1,140,17.0
2017-06-17,53.03,84.84,15.09,14.73,116.68,50.755,0.04,0.86,13.65,7.15,3.83,192.0,32.1,37.8,27.5,35.7,43.0,30.2,11.3,24.8,159,17.0
2017-06-18,216.08,345.72,13.15,0.03,116.68,50.755,1.82,0.77,27.87,6.01,3.83,108.5,32.2,37.2,26.4,37.1,43.5,31.3,8.6,22.0,263,15.0
2017-06-19,57.095,119.76,15.73,14.73,116.68,50.755,1.82,0.645,11.61,2.64,1.77,268.0,32.6,38.7,28.2,37.1,43.7,32.9,17.4,42.5,161,21.0
2017-06-20,57.095,119.76,14.49,14.73,116.68,50.755,1.82,0.73,13.18,5.21,3.83,39.0,29.3,33.8,24.6,34.0,39.6,28.5,15.3,30.6,151,23.0
2017-06-21,75.03,86.6,14.82,14.73,116.68,50.755,3.23,0.71,9.0,5.38,3.83,256.0,25.6,29.0,22.6,29.5,33.2,25.9,16.2,34.6,276,18.0
2017-06-22,33.21,53.14,3.35,11.6,116.68,50.755,3.18,0.21,58.09,5.03,3.84,123.0,27.6,32.7,22.7,31.9,38.1,26.2,10.0,29.9,301,19.0
2017-06-23,57.095,119.76,15.73,14.73,116.68,50.755,1.82,0.645,11.61,2.64,1.77,99.0,29.3,33.8,24.3,34.1,39.9,29.4,8.2,20.5,295,21.0
2017-06-24,72.0,115.19,21.0,3.25,116.68,50.755,0.17,0.61,19.97,5.06,3.83,159.0,31.3,35.7,25.3,36.5,41.9,30.2,6.6,18.4,256,32.0
2017-06-25,69.75,111.6,23.94,2.31,116.68,50.755,0.36,0.77,30.58,7.82,3.83,182.0,32.4,37.0,26.9,38.2,43.8,32.4,6.5,18.0,161,14.0
2017-06-26,66.93,107.08,19.07,4.96,116.68,50.755,4.64,0.08,19.05,6.85,3.83,210.0,32.7,37.2,29.2,37.8,44.3,33.1,19.4,39.6,120,25.0
2017-06-27,57.095,119.76,15.73,14.73,116.68,50.755,1.82,0.645,11.61,2.64,1.77,108.5,31.2,35.2,26.4,36.7,41.5,30.8,13.3,35.3,113,15.0
2017-06-28,57.095,119.76,15.73,14.73,116.68,50.755,1.82,0.645,11.61,2.64,1.77,108.5,28.7,33.3,25.9,34.0,38.3,30.9,16.4,36.0,125,18.0
2017-06-29,57.095,119.76,15.73,14.73,116.68,50.755,1.82,0.645,11.61,2.64,1.77,108.5,26.3,29.0,25.0,31.5,33.7,29.5,13.0,30.2,97,18.0
2017-06-30,57.095,119.76,15.73,14.73,116.68,50.755,1.82,0.645,11.61,2.64,1.77,108.5,27.2,32.0,24.1,32.6,38.4,28.8,12.5,27.4,119,16.0
2017-07-01,57.095,119.76,15.73,14.73,116.68,50.755,1.82,0.645,11.61,2.64,1.77,108.5,29.0,33.0,24.9,35.5,40.6,30.6,10.9,31.0,82,11.0
2017-07-02,57.095,119.76,15.73,14.73,116.68,50.755,1.82,0.645,11.61,2.64,1.77,108.5,29.5,33.5,26.8,35.9,40.9,32.5,15.2,35.6,143,18.0
2017-07-03,57.095,119.76,15.73,14.73,116.68,50.755,1.82,0.645,11.61,2.64,1.77,108.5,29.8,33.3,26.0,36.6,43.1,31.8,9.7,23.4,109,21.0
2017-07-04,57.095,119.76,15.73,14.73,116.68,50.755,1.82,0.645,11.61,2.64,1.77,108.5,30.7,35.5,26.5,38.0,43.7,33.0,9.6,25.6,270,24.0
2017-07-05,45.42,72.67,3.55,8.33,116.68,50.755,3.6,0.12,52.97,3.3,3.83,76.0,30.9,35.2,25.8,37.9,44.7,32.2,10.6,25.6,189,27.0
2017-07-06,57.095,119.76,15.73,14.73,116.68,50.755,1.82,0.645,11.61,2.64,1.77,75.0,29.1,34.4,24.5,34.8,42.4,28.3,16.5,38.9,124,21.0
2017-07-07,57.095,119.76,15.73,14.73,116.68,50.755,1.82,0.645,11.61,2.64,1.77,108.5,29.5,33.8,26.0,36.1,42.2,31.9,8.7,20.5,130,25.0
2017-07-08,57.095,119.76,15.73,14.73,116.68,50.755,1.82,0.645,11.61,2.64,1.77,108.5,30.2,34.5,25.7,36.6,41.3,31.9,9.2,21.6,303,19.0
2017-07-09,57.095,119.76,15.73,14.73,116.68,50.755,1.82,0.645,11.61,2.64,1.77,108.5,31.2,35.1,27.5,38.1,42.2,34.1,11.0,25.6,262,12.0
2017-07-10,57.095,119.76,15.73,14.73,116.68,50.755,1.82,0.645,11.61,2.64,1.77,108.5,31.3,35.8,27.8,38.3,44.2,33.2,12.0,26.3,169,27.0
2017-07-11,57.095,119.76,15.73,14.73,116.68,50.755,1.82,0.645,11.61,2.64,1.77,108.5,29.8,34.7,27.1,35.7,42.3,31.5,15.9,36.0,138,24.0
2017-07-12,57.095,119.76,4.07,14.73,116.68,50.755,8.29,0.33,11.71,4.84,3.83,108.5,28.2,32.1,26.0,33.1,37.9,30.4,17.3,32.8,125,18.0
2017-07-13,57.095,119.76,15.73,14.73,116.68,50.755,1.82,0.645,11.61,2.64,1.77,108.5,28.1,31.6,25.1,33.8,38.0,29.9,8.5,36.4,100,17.0
2017-07-14,57.095,119.76,9.51,6.0,116.68,50.755,3.7,0.66,21.57,5.32,3.83,108.5,29.6,34.0,26.1,36.0,41.0,32.0,7.0,16.6,56,19.0
2017-07-15,57.095,119.76,15.73,14.73,116.68,50.755,1.82,0.645,11.61,2.64,1.77,108.5,29.5,33.0,26.5,35.6,39.7,32.6,18.0,36.4,121,12.0
2017-07-16,57.095,119.76,15.73,14.73,116.68,50.755,1.82,0.645,11.61,2.64,1.77,108.5,30.0,33.6,27.0,36.5,41.4,32.4,8.9,22.3,117,10.0
2017-07-17,57.095,119.76,15.73,14.73,116.68,50.755,1.82,0.645,11.61,2.64,1.77,108.5,29.5,33.7,26.8,36.3,42.8,32.6,13.4,31.7,110,30.0
2017-07-18,57.095,119.76,15.73,14.73,116.68,50.755,1.82,0.645,11.61,2.64,1.77,108.5,29.2,33.3,26.2,35.5,39.7,32.2,12.7,27.7,88,26.0
2017-07-19,54.13,86.61,15.73,14.73,116.68,50.755,1.82,0.65,44.15,4.2,3.83,97.0,30.3,34.8,26.7,36.9,41.8,33.6,8.4,18.7,321,17.0
2017-07-20,57.095,119.76,15.73,14.73,116.68,50.755,1.82,0.645,11.61,2.64,1.77,108.5,28.8,30.7,27.2,35.0,36.9,33.1,15.1,32.4,123,20.0
2017-07-21,15.08,24.12,0.69,12.43,116.68,50.755,1.23,1.6,10.72,10.52,3.83,108.5,29.4,33.2,25.4,35.9,40.1,31.2,5.9,15.5,94,16.0
2017-07-22,57.095,119.76,15.73,14.73,116.68,50.755,1.82,0.645,11.61,2.64,1.77,108.5,29.3,32.7,27.2,35.3,38.9,32.6,14.0,42.8,111,17.0
2017-07-23,57.095,119.76,15.73,14.73,116.68,50.755,1.82,0.645,11.61,2.64,1.77,108.5,29.7,33.0,26.8,35.6,40.4,31.5,13.2,23.8,86,11.0
2017-07-24,57.095,119.76,15.73,14.73,116.68,50.755,1.82,0.645,11.61,2.64,1.77,108.5,28.7,32.8,26.7,34.7,40.1,32.2,11.6,31.7,100,27.0
2017-07-25,56.41,90.25,0.51,16.14,116.68,50.755,8.67,0.645,7.37,14.86,3.83,88.0,28.8,31.4,26.0,34.4,37.7,31.3,12.8,30.6,118,16.0
2017-07-26,57.095,119.76,15.73,14.73,116.68,50.755,1.82,0.645,11.61,2.64,1.77,94.0,28.7,31.8,26.3,34.3,38.6,31.9,14.0,32.0,115,26.0
2017-07-27,57.095,119.76,15.73,14.73,116.68,50.755,1.82,0.645,11.61,2.64,1.77,108.5,28.5,32.3,25.8,34.4,38.4,31.2,11.7,26.6,124,20.0
2017-07-28,57.095,119.76,15.73,14.73,116.68,50.755,1.82,0.645,11.61,2.64,1.77,108.5,28.5,31.0,26.2,34.9,37.8,32.2,9.9,27.7,122,18.0
2017-07-29,57.095,119.76,15.73,14.73,116.68,50.755,1.82,0.645,11.61,2.64,1.77,108.5,29.3,32.0,27.4,34.5,38.2,32.0,17.4,44.3,119,11.0
2017-07-30,57.095,119.76,15.73,14.73,116.68,50.755,1.82,0.645,11.61,2.64,1.77,108.5,28.6,32.9,26.5,34.9,40.8,32.1,12.5,26.3,121,18.0
2017-07-31,57.095,119.76,15.73,14.73,116.68,50.755,1.82,0.645,11.61,2.64,1.77,108.5,27.3,28.8,25.8,32.6,34.7,31.0,15.7,31.0,137,19.0
2017-08-01,57.095,119.76,15.73,14.73,116.68,50.755,1.82,0.645,11.61,2.64,1.77,108.5,27.0,29.8,25.5,33.2,36.1,31.5,11.4,26.6,166,25.0
2017-08-02,57.095,119.76,15.73,14.73,116.68,50.755,1.82,0.645,11.61,2.64,1.77,108.5,27.0,29.6,25.4,33.3,36.2,31.1,7.7,26.6,187,20.0
2017-08-03,57.095,119.76,15.73,14.73,116.68,50.755,1.82,0.645,11.61,2.64,1.77,108.5,28.0,31.0,25.5,34.5,38.2,31.4,9.5,28.1,235,18.0
2017-08-04,57.095,119.76,15.73,14.73,116.68,50.755,1.82,0.645,11.61,2.64,1.77,108.5,28.6,32.7,26.0,35.2,40.4,32.0,9.2,25.2,162,24.0
2017-08-05,57.095,119.76,15.73,14.73,116.68,50.755,1.82,0.645,11.61,2.64,1.77,108.5,29.2,33.8,25.7,36.0,42.1,31.0,10.9,24.5,130,20.0
2017-08-06,57.095,119.76,15.73,14.73,116.68,50.755,1.82,0.645,11.61,2.64,1.77,108.5,29.5,32.9,26.3,37.0,42.8,32.2,9.7,25.2,95,21.0
2017-08-07,57.095,119.76,15.73,14.73,116.68,50.755,1.82,0.645,11.61,2.64,1.77,108.5,28.7,31.3,27.1,36.1,39.6,33.8,7.9,20.2,133,18.0
2017-08-08,57.095,119.76,74.41,14.73,116.68,50.755,3.82,1.12,11.61,0.0,3.83,108.5,28.7,32.2,26.5,35.6,39.9,32.3,9.0,21.2,136,23.0
2017-08-09,57.095,119.76,15.73,14.73,116.68,50.755,1.82,0.645,11.61,2.64,1.77,108.5,28.9,32.5,27.0,35.8,39.9,33.4,10.5,23.0,139,5.0
2017-08-10,57.095,119.76,15.73,14.73,116.68,50.755,1.82,0.645,11.61,2.64,1.77,108.5,29.0,32.8,25.8,36.2,41.4,32.1,7.6,27.0,354,2.0
2017-08-11,57.095,119.76,15.73,14.73,116.68,50.755,1.82,0.645,11.61,2.64,1.77,108.5,29.9,33.7,27.1,37.0,40.1,33.8,11.2,29.2,265,3.0
2017-08-12,57.095,119.76,15.73,14.73,116.68,50.755,1.82,0.645,11.61,2.64,1.77,108.5,29.7,33.5,26.2,36.9,40.3,33.2,10.2,29.2,261,5.0
2017-08-13,57.095,119.76,15.73,14.73,116.68,50.755,1.82,0.645,11.61,2.64,1.77,108.5,29.7,33.5,26.3,37.1,42.0,32.6,11.1,24.8,164,11.0
2017-08-14,57.095,119.76,15.73,14.73,116.68,50.755,1.82,0.645,11.61,2.64,1.77,108.5,28.6,32.0,25.0,34.9,40.8,29.9,12.6,23.0,94,13.0
2017-08-15,57.095,119.76,15.73,14.73,116.68,50.755,1.82,0.645,11.61,2.64,1.77,108.5,28.6,32.2,25.7,34.9,39.1,32.1,9.8,23.0,319,9.0
2017-08-16,57.095,119.76,15.73,14.73,116.68,50.755,1.82,0.645,11.61,2.64,1.77,108.5,29.1,33.2,25.1,35.0,39.6,30.6,10.2,21.6,307,14.0
2017-08-17,57.095,119.76,15.73,14.73,116.68,50.755,1.82,0.645,11.61,2.64,1.77,108.5,29.4,34.2,24.9,35.7,41.6,30.7,8.4,18.7,253,18.0
2017-08-18,57.095,119.76,15.73,14.73,116.68,50.755,1.82,0.645,11.61,2.64,1.77,108.5,29.8,34.4,25.5,36.6,42.8,31.5,8.9,19.4,122,6.0
2017-08-19,57.095,119.76,15.73,14.73,116.68,50.755,1.82,0.645,11.61,2.64,1.77,108.5,28.1,30.9,26.2,33.2,36.3,31.1,18.4,35.6,130,6.0
2017-08-20,57.095,119.76,15.73,14.73,116.68,50.755,1.82,0.645,11.61,2.64,1.77,108.5,27.6,30.7,25.4,33.3,36.4,30.4,12.8,28.1,103,9.0
2017-08-21,57.095,119.76,15.73,14.73,116.68,50.755,1.82,0.645,11.61,2.64,1.77,108.5,27.9,30.9,26.0,34.0,37.6,31.7,8.7,30.2,110,27.0
2017-08-22,53.03,107.42,72.58,20.97,116.68,50.755,3.22,0.0,4.53,0.5,9.07,108.5,28.1,31.9,25.6,34.3,39.2,31.2,10.5,23.4,118,22.0
2017-08-23,72.12,150.79,79.5,22.3,116.68,50.755,3.34,0.5,7.22,0.5,9.57,108.5,28.1,31.5,25.8,34.0,37.7,31.1,11.5,25.2,128,24.0
2017-08-24,68.32,117.9,71.32,20.91,116.68,50.755,3.59,0.72,9.05,0.5,7.59,134.0,28.1,31.6,25.4,33.8,38.3,30.0,12.2,24.8,113,32.0
2017-08-25,66.75,116.15,25.14,15.91,116.68,50.755,2.61,0.46,7.76,0.5,7.15,137.0,28.1,32.2,25.5,34.3,41.5,30.9,12.2,26.6,119,22.0
2017-08-26,49.76,75.81,40.79,16.08,116.68,50.755,3.63,0.26,7.17,0.5,6.5,96.0,27.6,31.1,23.9,33.5,37.6,29.3,17.1,39.2,323,19.0
2017-08-27,39.06,60.3,36.66,16.3,116.68,50.755,3.43,0.27,9.71,0.5,6.17,67.0,28.3,32.9,23.9,34.3,40.0,29.2,9.2,20.5,328,15.0
2017-08-28,40.56,76.72,41.28,16.54,116.68,50.755,3.4,0.15,4.61,0.5,7.44,72.0,27.9,32.0,25.5,33.4,38.9,30.0,16.4,37.8,116,22.0
2017-08-29,34.76,56.0,47.56,16.25,116.68,50.755,3.41,0.18,2.29,0.5,7.36,72.0,26.7,30.3,24.9,31.1,35.1,29.2,13.8,47.5,45,18.0
2017-08-30,44.01,73.84,35.13,15.76,116.68,50.755,3.36,0.4,3.85,0.5,7.89,72.0,27.5,31.6,24.3,33.0,37.9,28.7,15.0,33.8,78,26.0
2017-08-31,45.15,71.97,43.36,20.89,116.68,50.755,5.77,0.4,4.53,0.51,9.7,88.0,27.7,30.9,25.7,33.9,39.2,31.2,9.8,27.7,92,24.0
2017-09-01,33.88,48.74,34.76,18.27,116.68,50.755,13.3,0.02,5.14,0.5,10.11,56.0,25.5,28.0,24.2,30.5,33.4,28.3,13.2,31.0,131,18.0
2017-09-02,29.55,53.86,12.52,17.77,116.68,50.755,0.12,0.38,2.84,0.5,7.28,49.0,26.4,30.2,23.6,31.6,36.1,27.3,16.9,31.0,279,18.0
2017-09-03,33.72,71.56,8.56,21.15,116.68,50.755,0.37,0.25,3.8,0.5,7.27,72.0,26.6,30.8,23.1,31.9,37.3,27.5,7.0,20.2,273,7.0
2017-09-04,39.33,76.48,7.86,21.11,116.68,50.755,0.5,0.1,2.79,0.5,7.0,82.0,27.2,31.8,23.8,33.1,39.1,28.8,14.8,29.2,304,23.0
2017-09-05,32.74,60.01,7.72,20.48,116.68,50.755,0.24,0.05,3.78,0.5,4.8,55.0,27.3,31.5,23.7,33.4,39.5,28.8,9.4,22.7,296,21.0
2017-09-06,37.49,86.15,7.31,17.47,116.68,50.755,0.3,2.05,5.93,0.77,5.87,81.0,27.6,32.0,24.3,33.7,39.2,30.0,11.0,31.3,309,24.0
2017-09-07,65.31,341.6,7.33,16.42,116.68,50.755,1.19,0.38,5.91,1.38,5.49,115.0,26.6,30.0,24.0,32.4,37.6,29.5,10.9,28.1,314,13.0
2017-09-08,42.93,107.1,7.43,16.83,116.68,50.755,0.92,0.18,7.18,1.4,4.61,70.0,27.3,31.9,23.2,32.8,38.2,27.8,8.9,21.6,298,18.0
2017-09-09,47.6,127.0,4.29,11.58,116.68,50.755,0.58,0.0,8.63,1.4,4.42,84.0,28.2,32.5,24.0,33.8,38.4,29.3,9.9,23.4,288,20.0
2017-09-10,45.72,123.0,5.55,14.23,116.68,50.755,1.2,0.13,6.69,1.4,4.97,113.0,28.0,32.5,24.5,34.1,40.5,30.1,8.9,30.2,49,12.0
2017-09-11,30.79,71.97,5.33,13.93,116.68,50.755,1.31,0.14,3.45,1.4,4.65,67.0,27.7,32.5,24.2,32.8,37.6,29.6,12.5,25.9,309,30.0
2017-09-12,42.79,101.97,5.1,12.16,116.68,50.755,1.02,0.2,8.4,1.6,5.53,108.5,27.6,32.5,23.5,32.6,38.4,28.1,10.0,22.3,310,25.0
2017-09-13,57.05,162.35,8.73,17.43,116.68,50.755,1.25,0.39,10.08,1.89,6.33,108.5,27.7,32.4,23.1,33.2,39.3,27.7,8.7,19.8,315,24.0
2017-09-14,45.97,144.48,66.31,73.94,116.68,50.755,1.24,0.36,7.14,1.9,5.12,139.0,27.4,32.0,23.4,32.4,38.0,27.9,10.0,23.0,322,24.0
2017-09-15,45.36,132.4,25.67,38.46,116.68,50.755,0.99,0.38,12.19,1.9,6.18,120.0,27.1,32.2,22.4,31.2,37.2,26.2,10.2,21.6,306,27.0
2017-09-16,40.43,107.73,47.5,40.28,116.68,50.755,1.13,0.47,9.81,1.9,6.15,107.0,27.2,32.8,22.0,31.3,36.9,25.5,8.4,18.4,316,20.0
2017-09-17,43.92,118.48,13.96,27.75,116.68,50.755,1.13,0.58,8.74,1.9,6.17,107.0,27.5,33.5,22.9,30.8,36.2,26.0,14.5,29.5,306,11.0
2017-09-18,47.16,139.82,26.69,34.72,116.68,50.755,1.19,0.54,6.92,1.9,6.74,121.0,26.6,33.8,21.5,29.3,37.0,23.3,10.2,22.7,306,26.0
2017-09-19,65.89,191.25,1.39,8.0,116.68,50.755,1.07,0.62,9.24,1.9,9.39,138.0,26.2,33.6,19.7,29.5,38.9,22.0,10.7,13.0,49,23.0
2017-09-20,55.7,158.32,72.71,74.11,92.28,55.69,0.84,0.46,27.35,1.36,6.93,180.0,26.8,33.5,20.1,30.4,38.9,22.7,10.0,16.2,49,17.0
2017-09-21,44.62,112.0,409.7,384.05,432.33,278.86,0.63,0.45,2.58,0.74,9.54,448.0,26.9,33.0,21.0,30.7,38.1,24.1,9.1,18.7,58,18.0
2017-09-22,82.93,215.74,431.26,14.73,116.68,454.27,1.29,0.94,11.28,1.5,9.61,41.0,27.2,31.6,23.3,31.7,37.0,26.4,9.3,17.3,127,21.0
2017-09-23,37.48,78.06,41.01,91.73,120.71,52.26,1.32,0.73,3.67,1.51,6.68,93.0,25.1,27.1,22.0,29.8,31.8,25.7,7.4,16.2,66,18.0
2017-09-24,47.25,100.89,15.73,14.73,116.68,50.755,1.27,0.66,7.88,1.5,5.92,89.0,25.8,32.0,20.6,30.1,36.9,24.5,8.9,20.2,323,12.0
2017-09-25,67.18,165.54,85.3,109.32,186.45,2.12,1.19,0.64,3.06,4.92,163.57,128.0,27.4,33.2,22.4,31.6,37.5,26.3,9.9,22.7,333,37.0
2017-09-26,76.09,178.51,9.23,16.05,25.29,2.11,1.11,0.75,1.48,14.35,5.02,157.0,27.6,33.4,22.7,31.9,37.6,26.8,9.9,21.6,309,24.0
2017-09-27,55.71,178.37,8.72,15.53,24.25,1.38,1.32,0.74,1.15,6.61,2.75,154.0,27.5,33.8,22.2,31.6,38.0,26.3,8.9,20.2,235,22.0
2017-09-28,44.35,122.62,6.76,12.33,24.44,2.42,0.9,0.56,4.89,10.35,4.7,100.0,27.8,34.1,22.7,32.0,37.6,27.0,8.7,18.7,210,20.0
2017-09-29,6.2,18.03,0.9,1.69,116.68,50.755,0.1,0.07,11.61,1.32,0.47,147.0,28.2,34.3,23.1,31.9,37.7,27.2,12.0,25.2,294,13.0
2017-09-30,12.8,34.36,1.75,3.21,116.68,50.755,0.27,0.1,11.61,2.24,0.89,43.0,27.9,34.5,22.5,30.9,37.7,25.2,10.8,21.2,315,12.0
2017-10-01,6.07,19.36,1.01,1.88,116.68,50.755,0.14,0.0,11.61,1.53,0.66,163.0,26.8,34.0,20.1,29.3,37.3,22.6,10.1,15.1,101,17.0
2017-10-02,5.27,14.35,0.79,1.47,116.68,50.755,0.11,0.0,11.61,1.35,0.6,114.0,26.8,34.4,20.5,29.5,38.3,22.6,10.5,18.4,279,28.0
2017-10-03,11.06,34.32,1.22,1.79,116.68,50.755,0.14,0.0,23.16,0.89,0.79,69.0,27.2,34.3,20.7,29.9,37.3,23.5,10.1,17.6,326,27.0
2017-10-04,7.97,26.72,1.04,1.79,21.61,12.46,0.15,0.0,8.22,0.62,0.78,42.0,27.4,34.3,21.3,30.1,37.2,24.5,11.0,20.5,347,31.0
2017-10-05,2.7,8.53,0.41,0.72,25.08,12.49,0.06,0.0,16.14,0.23,0.3,177.0,27.2,34.2,20.6,29.5,36.1,22.5,11.5,26.6,340,22.0
2017-10-06,7.29,18.91,0.98,1.7,24.64,12.61,0.13,0.0,14.6,0.53,0.63,38.0,26.9,34.2,20.9,28.7,35.8,22.5,10.8,24.1,335,23.0
2017-10-07,9.3,26.12,12.32,1.7,48.16,79.86,0.97,0.09,32.05,11.12,11.5,211.0,26.8,34.5,20.0,28.5,35.9,21.6,11.3,24.8,305,31.0
2017-10-08,8.43,22.07,4.08,2.33,0.0,50.755,0.13,0.06,11.61,0.93,1.09,214.0,26.8,34.1,20.1,29.3,36.8,22.8,10.1,16.6,328,20.0
2017-10-09,11.37,29.61,6.2,4.52,0.0,50.755,0.13,0.07,11.61,0.55,0.08,251.0,26.9,33.8,21.5,29.7,37.7,23.9,9.7,18.0,59,22.0
2017-10-10,57.095,119.76,15.73,14.73,0.0,50.755,1.82,0.0,11.61,0.0,0.0,284.0,26.9,33.5,20.4,29.8,35.9,23.2,8.2,21.2,15,22.0
2017-10-11,57.095,119.76,15.73,14.73,0.0,50.755,1.82,0.0,11.61,0.0,0.0,246.0,26.8,33.5,21.3,29.3,36.0,24.5,9.0,13.7,42,17.0
2017-10-12,57.095,119.76,15.73,14.73,0.0,50.755,1.82,0.0,11.61,0.0,0.0,263.0,26.6,33.2,20.5,29.0,35.2,23.7,8.6,21.2,298,16.0
2017-10-13,57.095,119.76,15.73,14.73,0.0,50.755,1.82,0.0,11.61,0.0,0.0,269.0,26.2,33.8,20.4,27.3,35.2,21.6,11.5,24.8,303,17.0
2017-10-14,57.095,119.76,15.73,14.73,0.0,50.755,1.82,0.0,11.61,0.0,0.0,108.5,26.1,33.5,19.6,27.6,34.8,20.9,10.0,19.8,318,19.0
2017-10-15,57.095,119.76,15.73,14.73,0.0,50.755,1.82,0.0,11.61,0.0,0.0,277.0,26.1,33.5,20.6,27.9,35.4,22.0,10.9,15.1,22,15.0
2017-10-16,57.095,119.76,15.73,14.73,0.0,50.755,1.82,0.0,11.61,0.0,0.0,241.0,25.7,33.8,19.2,26.5,34.4,20.2,10.2,21.2,318,22.0
2017-10-17,57.095,119.76,15.73,14.73,0.0,50.755,1.82,0.0,11.61,0.0,0.0,260.0,24.5,32.8,18.0,25.2,33.0,17.9,11.7,25.2,318,15.0
2017-10-18,57.095,119.76,15.73,14.73,0.0,50.755,1.82,0.0,11.61,0.0,0.0,317.0,24.8,32.8,18.5,26.3,34.3,19.6,10.3,19.4,350,10.0
2017-10-19,103.1,226.16,21.54,26.53,47.97,11.72,2.61,0.43,6.88,1.73,0.53,307.0,24.5,32.7,17.0,26.1,34.6,17.9,10.4,17.3,11,6.0
2017-10-20,57.095,119.76,15.73,14.73,0.0,50.755,1.82,0.0,11.61,0.0,0.0,399.0,24.9,32.6,17.2,26.5,33.9,18.3,8.8,17.6,309,18.0
2017-10-21,14.33,29.43,8.32,10.64,17.94,6.1,0.13,0.06,1.53,0.42,0.1,353.0,24.6,32.3,18.8,25.8,33.5,19.9,10.8,23.0,299,9.0
2017-10-22,57.095,119.76,15.73,14.73,0.0,50.755,1.82,0.0,11.61,0.0,0.0,360.0,23.5,31.4,16.7,24.4,32.5,17.4,10.7,23.0,104,11.0
2017-10-23,30.54,59.07,10.56,15.93,32.2,9.0,0.16,0.13,2.02,0.65,0.22,389.0,23.2,31.6,16.5,23.6,31.5,17.0,10.1,16.6,4,16.0
2017-10-24,57.095,119.76,15.73,14.73,0.0,50.755,1.82,0.0,11.61,0.0,0.0,346.0,22.9,31.0,16.0,22.8,30.0,15.7,12.2,27.0,307,21.0
2017-10-25,57.095,119.76,15.73,14.73,0.0,50.755,1.82,0.0,11.61,0.0,0.0,368.0,23.4,30.7,16.0,24.0,30.8,16.3,9.2,20.9,318,18.0
2017-10-26,57.095,119.76,15.73,14.73,0.0,50.755,1.82,0.0,11.61,0.0,0.0,299.0,22.0,30.3,15.2,22.5,31.4,15.7,9.4,18.4,110,25.0
2017-10-27,1.48,3.52,0.91,1.51,2.41,0.67,1.82,0.01,0.26,0.04,0.02,341.0,21.4,29.7,14.4,21.7,30.4,14.5,10.6,16.6,62,19.0
2017-10-28,57.095,119.76,15.73,14.73,0.0,50.755,1.82,0.0,11.61,0.0,0.0,314.0,22.5,29.5,14.9,23.1,30.1,15.7,10.1,18.0,353,24.0
2017-10-29,57.095,119.76,15.73,14.73,0.0,50.755,1.82,0.0,11.61,0.0,0.0,339.0,21.2,29.2,14.9,21.8,30.0,15.2,11.4,23.8,64,17.0
2017-10-30,25.13,49.11,5.38,7.97,13.35,4.08,0.15,0.09,8.93,0.49,0.23,399.0,21.3,28.7,15.1,22.2,30.0,15.4,10.7,18.7,329,32.0
2017-10-31,169.77,365.45,107.19,143.6,250.79,63.54,1.65,1.16,13.42,5.69,2.8,340.0,22.1,28.7,16.3,23.3,30.5,17.3,10.3,13.3,44,38.0
2017-11-01,155.15,338.95,100.69,147.86,248.55,62.86,1.34,1.06,13.77,4.72,2.27,303.0,21.6,28.7,15.9,22.5,30.4,16.6,9.8,17.6,75,24.0
2017-11-02,149.55,320.75,103.64,141.17,244.74,59.42,1.58,1.01,14.63,4.3,1.86,334.0,21.9,28.0,16.0,23.4,29.3,17.2,8.0,14.8,14,29.0
2017-11-03,160.9,348.13,110.11,135.73,249.77,59.99,1.65,1.14,11.93,5.51,2.45,320.0,21.6,27.8,16.4,23.4,29.7,17.9,8.6,14.0,6,26.0
2017-11-04,161.94,334.59,105.27,137.66,242.85,61.07,1.43,1.09,11.61,5.52,2.42,321.0,22.4,28.5,17.2,24.4,30.9,18.8,8.2,14.8,329,29.0
2017-11-05,202.23,377.41,97.77,133.14,230.92,59.65,1.53,1.06,11.61,5.39,2.25,345.0,21.5,28.3,15.6,23.3,30.2,16.5,9.0,16.2,302,20.0
2017-11-06,192.09,413.7,79.18,123.67,202.65,54.44,1.37,1.09,16.66,5.24,2.27,351.0,21.0,27.2,15.3,22.6,28.4,15.9,8.9,21.2,306,43.0
2017-11-07,141.42,320.25,69.24,125.86,195.05,56.13,1.3,1.2,13.14,5.22,2.76,313.0,21.3,27.0,15.6,23.1,28.4,16.3,9.4,19.1,320,24.0
2017-11-08,156.96,339.64,68.51,132.44,200.95,56.71,1.46,1.23,14.11,4.79,2.46,249.0,20.9,27.4,16.5,22.6,29.0,17.6,8.9,20.9,299,30.0
2017-11-09,148.71,319.03,90.99,173.96,264.93,66.44,1.35,1.46,12.96,4.39,1.9,345.0,20.4,26.9,14.9,21.8,28.1,15.4,8.5,19.4,297,23.0
2017-11-10,204.44,416.47,116.52,218.31,334.83,80.72,1.54,1.4,14.35,3.41,1.28,335.0,19.9,27.0,15.1,21.2,28.1,16.1,9.6,18.7,304,32.0
2017-11-11,166.68,355.38,79.54,165.15,244.56,61.75,1.44,1.21,13.9,3.17,1.38,344.0,19.0,24.7,13.8,20.2,26.0,13.9,8.7,16.2,293,24.0
2017-11-12,176.1,365.57,89.51,182.67,272.18,70.0,1.24,1.29,13.0,4.76,2.53,332.0,18.4,25.1,13.2,19.3,25.7,13.3,8.6,19.8,302,16.0
2017-11-13,253.31,533.23,15.73,14.73,116.68,50.755,1.76,1.8,13.7,6.04,3.59,382.0,18.3,24.8,13.2,19.2,25.9,14.1,8.9,13.0,298,36.0
2017-11-14,210.73,357.75,15.73,14.73,116.68,50.755,1.33,1.0,12.94,5.78,2.96,347.0,18.4,26.0,13.9,18.0,24.2,13.4,22.0,43.9,115,19.0
2017-11-15,44.68,92.45,194.24,255.38,196.45,154.43,2.36,0.55,11.22,3.88,1.28,108.5,16.8,22.8,13.3,17.1,22.8,12.9,12.3,24.1,60,29.0
2017-11-16,49.11,112.54,29.57,88.68,116.68,1.17,21.48,0.62,11.61,4.0,1.0,108.5,16.9,23.5,11.9,16.9,23.6,11.4,8.3,18.4,330,23.0
2017-11-17,92.56,205.87,61.79,128.23,190.04,11.92,7.41,0.74,13.2,8.67,1.29,213.0,16.6,22.2,12.9,16.8,22.2,12.7,8.7,21.6,310,27.0
2017-11-18,64.5,139.99,87.96,137.35,221.73,41.12,4.64,0.58,12.87,6.3,0.8,157.0,16.9,23.5,13.1,16.4,22.8,12.4,10.9,22.0,302,24.0
2017-11-19,77.88,170.68,88.74,119.58,208.2,49.84,4.83,0.66,10.25,3.26,0.86,165.0,15.2,22.3,10.3,13.8,19.9,9.3,10.7,24.1,301,14.0
2017-11-20,84.06,186.79,83.67,118.2,201.87,50.99,3.12,0.78,9.77,3.46,1.0,148.0,14.8,22.4,9.2,13.1,20.4,7.4,10.0,18.7,294,32.0
2017-11-21,110.2,247.75,67.16,97.15,164.28,45.64,4.63,0.84,13.18,4.04,1.17,201.0,15.2,22.9,9.2,13.7,21.0,7.7,11.3,25.2,292,23.0
2017-11-22,141.91,309.12,72.31,104.72,177.02,47.68,9.69,0.88,9.77,3.87,1.4,311.0,14.6,22.2,9.2,12.8,19.6,7.7,13.9,28.8,298,23.0
2017-11-23,104.99,263.01,75.68,106.69,182.37,51.14,5.5,0.95,9.59,2.64,0.85,250.0,14.5,22.2,10.1,12.7,19.9,8.4,10.5,23.0,299,27.0
2017-11-24,112.6,269.09,72.74,102.94,175.68,48.02,8.21,0.93,10.06,3.31,0.82,247.0,14.6,22.9,8.8,12.9,20.7,7.0,11.2,25.2,307,28.0
2017-11-25,123.41,309.33,83.57,112.92,196.49,50.52,12.17,1.03,10.91,2.28,0.74,251.0,15.6,23.3,9.6,14.2,21.0,8.1,10.9,23.8,300,23.0
2017-11-26,155.45,367.06,102.03,123.95,225.98,58.73,10.19,1.4,10.97,4.21,1.53,344.0,15.5,22.9,9.1,14.6,21.2,8.2,9.0,21.2,310,13.0
2017-11-27,122.54,303.19,58.04,83.19,141.22,46.46,9.4,1.12,10.41,3.46,1.42,263.0,15.3,23.0,9.8,14.2,21.2,8.4,12.0,27.4,300,21.0
2017-11-28,132.4,323.71,71.81,96.96,168.77,50.22,12.33,1.18,10.92,4.61,2.21,295.0,16.2,23.4,9.5,15.4,22.0,7.9,9.5,17.3,310,32.0
2017-11-29,190.97,434.58,91.78,116.13,207.91,53.57,9.78,1.56,10.67,5.57,2.0,332.0,15.4,23.0,8.1,14.5,22.0,6.6,8.4,13.0,44,27.0
2017-11-30,137.72,294.71,77.05,129.46,206.0,49.74,18.02,1.31,19.83,6.76,2.87,339.0,15.0,23.1,9.1,13.9,21.7,7.3,10.8,23.4,297,29.0
2017-12-01,90.22,211.28,15.73,14.73,116.68,50.755,1.82,0.645,18.65,3.65,1.83,223.0,14.3,22.6,8.6,12.9,20.9,6.7,11.5,19.4,299,29.0
2017-12-02,120.42,295.54,15.73,14.73,116.68,50.755,1.82,0.645,12.74,4.72,2.53,216.0,15.2,22.5,7.2,14.2,21.4,5.7,8.7,14.8,356,34.0
2017-12-03,139.54,299.81,15.73,14.73,116.68,50.755,1.82,0.645,13.05,5.37,3.33,303.0,14.8,22.2,7.8,13.9,21.1,6.2,10.2,20.2,324,31.0
2017-12-04,115.74,244.78,15.73,14.73,116.68,50.755,1.82,0.645,11.98,3.72,1.58,282.0,13.8,21.9,8.4,12.5,20.2,6.5,9.5,22.7,309,30.0
2017-12-05,87.45,209.0,15.73,14.73,116.68,50.755,1.82,0.645,11.36,3.36,1.47,221.0,13.4,21.3,7.5,11.7,18.7,5.5,12.8,27.0,312,36.0
2017-12-06,48.27,132.14,15.73,14.73,116.68,50.755,1.82,0.645,10.09,2.78,0.9,142.0,13.6,21.9,7.7,11.0,18.2,5.1,12.7,27.0,306,19.0
2017-12-07,57.2,156.29,15.73,14.73,116.68,50.755,1.82,0.645,9.91,2.75,0.93,145.0,13.7,21.2,8.0,11.1,18.5,5.0,10.0,23.0,296,33.0
2017-12-08,71.38,199.81,15.73,14.73,116.68,50.755,1.82,0.645,9.79,3.08,1.24,156.0,14.4,22.5,8.8,12.3,19.8,6.6,11.0,24.8,287,27.0
2017-12-09,108.14,285.78,15.73,14.73,116.68,50.755,1.82,0.645,9.72,3.8,1.87,219.0,14.7,22.5,7.7,13.3,21.4,6.0,10.7,19.1,38,21.0
2017-12-10,79.3,181.92,15.73,14.73,116.68,50.755,1.82,0.645,9.8,3.67,1.78,108.5,15.1,22.7,7.3,13.9,20.5,5.5,9.5,17.6,335,27.0
2017-12-11,64.44,138.72,15.73,14.73,116.68,50.755,1.82,0.645,10.01,2.95,1.18,108.5,14.2,17.6,12.1,13.1,17.7,10.1,14.5,30.6,66,22.0
2017-12-12,55.87,109.69,15.73,14.73,116.68,50.755,1.82,0.645,9.97,2.6,0.86,180.0,14.2,18.5,9.9,13.2,17.7,9.2,17.9,32.0,145,22.0
2017-12-13,58.18,126.1,15.73,14.73,116.68,50.755,1.82,0.645,32.28,2.37,0.88,167.0,12.4,17.8,9.2,11.8,17.3,8.0,8.9,17.3,311,20.0
2017-12-14,62.25,127.89,15.73,14.73,116.68,50.755,1.82,0.645,39.48,2.16,0.67,118.0,11.7,18.3,7.8,10.1,16.1,6.1,11.2,25.6,307,20.0
2017-12-15,43.08,89.84,15.73,14.73,116.68,50.755,1.82,0.645,35.17,2.08,0.69,96.0,10.8,17.4,6.4,8.6,14.5,4.4,13.8,29.5,306,17.0
2017-12-16,56.15,124.08,15.73,14.73,116.68,50.755,1.82,0.645,42.2,2.28,1.04,113.0,10.2,16.9,4.9,7.6,14.1,2.0,12.4,25.9,298,18.0
2017-12-17,55.34,121.35,15.73,14.73,116.68,50.755,1.82,0.645,42.78,0.91,0.22,111.0,11.1,18.5,5.4,8.3,15.9,2.1,13.0,28.8,302,18.0
2017-12-18,56.21,132.87,15.73,14.73,116.68,50.755,1.82,0.645,42.65,1.94,0.73,114.0,12.5,20.5,6.5,10.0,18.2,3.1,14.0,26.3,306,26.0
2017-12-19,68.24,159.88,15.73,14.73,116.68,50.755,1.82,0.645,38.21,2.91,1.09,140.0,13.5,21.0,7.3,11.5,19.3,4.5,11.6,23.0,298,21.0
2017-12-20,111.33,265.26,15.73,14.73,116.68,50.755,1.82,0.645,23.5,3.73,1.77,177.0,14.6,21.6,9.1,13.4,21.0,7.3,11.0,20.2,301,27.0
2017-12-21,126.17,269.58,15.73,14.73,116.68,50.755,1.82,0.645,29.24,4.05,2.2,313.0,14.8,22.6,9.8,14.2,21.9,8.5,11.2,19.1,299,28.0
2017-12-22,62.24,137.56,15.73,14.73,116.68,50.755,1.82,0.645,36.09,2.71,1.09,147.0,13.9,20.9,9.1,12.6,19.2,7.6,12.3,26.3,303,29.0
2017-12-23,59.79,144.8,15.73,14.73,116.68,50.755,1.82,0.645,40.27,2.62,1.11,120.0,12.9,20.0,7.3,11.0,17.7,5.0,12.6,27.0,299,23.0
2017-12-24,129.92,288.31,15.73,14.73,116.68,50.755,1.82,0.645,27.92,4.02,2.09,236.0,12.5,20.0,7.2,11.3,19.3,5.5,10.2,16.2,358,16.0
2017-12-25,96.66,191.16,15.73,14.73,116.68,50.755,1.82,0.645,29.65,3.44,1.54,250.0,12.5,20.0,6.5,10.9,18.4,4.2,10.7,23.0,304,25.0
2017-12-26,99.62,212.39,15.73,14.73,116.68,50.755,1.82,0.645,7.17,3.02,1.37,216.0,12.8,20.9,6.4,11.2,19.0,4.1,10.2,20.2,298,40.0
2017-12-27,116.36,242.06,15.73,14.73,116.68,50.755,1.82,0.645,5.05,3.54,1.77,240.0,12.9,19.8,7.6,11.7,19.1,5.7,9.7,16.2,296,21.0
2017-12-28,103.19,209.91,15.73,14.73,116.68,50.755,1.82,0.645,5.0,3.14,1.91,267.0,13.0,20.0,6.9,12.1,18.8,5.0,10.2,22.0,308,24.0
2017-12-29,71.51,145.29,15.73,14.73,116.68,50.755,1.82,0.645,6.74,1.59,0.45,131.0,12.7,19.8,7.2,11.4,18.6,5.1,9.7,18.4,291,22.0
2017-12-30,118.39,245.02,15.73,14.73,116.68,50.755,1.82,0.645,5.66,3.44,1.69,257.0,12.2,19.7,6.9,11.2,18.9,5.9,9.4,16.6,312,25.0
2017-12-31,120.83,246.77,15.73,14.73,116.68,50.755,1.82,0.645,5.28,3.58,1.57,237.0,11.9,18.7,7.1,10.7,17.7,5.3,8.7,15.5,287,19.0
2018-01-01,155.86,321.66,7.78,24.82,32.6,29.26,2.93,1.13,3.8,3.53,1.81,276.0,11.9,19.0,6.2,10.7,18.1,4.1,8.0,15.8,250,50.0
2018-01-02,96.06,211.2,6.95,25.45,32.4,29.08,2.93,0.89,3.94,3.12,1.64,239.0,12.1,19.0,5.8,11.0,17.9,3.6,9.9,19.8,302,43.0
2018-01-03,73.89,155.46,3.07,24.19,27.26,28.97,2.83,0.73,4.77,2.66,1.23,194.0,10.5,17.8,6.4,9.3,16.4,4.4,9.8,21.2,299,37.0
2018-01-04,116.61,241.79,5.48,25.95,31.43,29.38,3.32,1.01,4.02,2.82,1.37,153.0,9.7,17.6,5.4,8.2,16.6,2.9,10.4,13.3,330,39.0
2018-01-05,120.9,241.77,8.83,25.89,34.72,29.82,3.59,1.09,3.89,3.03,1.58,269.0,10.1,17.5,5.2,8.5,16.0,3.4,9.4,15.8,293,44.0
2018-01-06,74.74,147.36,12.47,19.34,31.55,43.41,1.96,0.76,5.28,2.66,1.34,200.0,10.0,17.9,4.8,7.9,15.7,2.6,11.0,20.9,298,30.0
2018-01-07,68.77,141.83,15.92,16.11,32.03,54.11,3.86,0.74,7.18,2.4,0.93,168.0,9.7,17.5,4.2,7.4,14.8,1.6,11.6,25.2,300,33.0
2018-01-08,76.01,161.36,14.69,15.53,30.08,54.31,3.01,0.74,8.14,2.38,0.87,137.0,10.1,18.2,4.3,7.9,15.8,2.0,10.8,23.8,300,26.0
2018-01-09,77.26,157.04,11.06,14.1,25.64,53.76,4.63,0.7,11.5,2.28,0.88,163.0,10.6,18.5,5.1,8.4,15.8,2.5,12.8,27.7,300,45.0
2018-01-10,85.36,172.12,12.47,15.72,28.67,54.2,4.46,0.71,10.49,2.34,0.93,170.0,10.9,18.8,5.1,8.4,16.2,2.3,13.7,29.2,297,31.0
2018-01-11,76.98,166.61,16.61,17.66,34.13,54.18,6.68,0.87,6.65,2.38,0.86,184.0,11.1,18.5,4.6,8.9,16.1,2.0,12.5,26.6,297,20.0
2018-01-12,78.31,174.22,13.48,14.66,25.0,8.03,7.72,0.84,3.25,2.87,0.99,159.0,12.7,19.0,6.4,11.1,17.7,4.4,9.0,18.0,293,39.0
2018-01-13,94.97,194.87,13.48,14.66,25.0,8.03,7.72,1.02,4.05,3.24,1.25,190.0,12.0,19.8,5.6,10.5,17.9,3.5,10.9,23.0,306,27.0
2018-01-14,91.22,185.34,13.48,14.66,25.0,8.03,7.72,0.93,3.69,2.94,1.08,229.0,11.9,20.3,4.9,10.2,18.4,2.2,9.7,22.0,306,18.0
2018-01-15,81.12,169.27,43.88,38.74,82.3,56.7,9.12,0.87,4.03,2.7,0.98,147.0,11.3,19.4,5.5,9.1,16.8,3.1,13.7,29.9,299,30.0
2018-01-16,82.24,102.91,43.39,34.67,78.06,56.96,6.06,1.13,4.03,2.76,1.21,172.0,11.6,20.2,5.4,9.6,18.1,2.9,10.6,24.5,287,37.0
2018-01-17,120.36,229.95,32.12,26.31,52.58,46.96,4.73,1.06,6.82,2.31,0.9,256.0,12.9,20.5,7.4,11.0,18.5,5.4,16.0,33.8,126,30.0
2018-01-18,91.24,169.96,13.19,21.16,23.31,46.99,3.86,0.82,10.36,2.69,1.0,249.0,13.1,21.5,6.8,12.1,20.4,4.9,10.8,19.1,317,17.0
2018-01-19,57.59,113.35,2.86,22.26,22.61,56.7,4.55,0.61,9.84,2.5,0.76,119.0,12.8,21.0,6.3,11.0,18.9,4.2,11.4,25.6,295,13.0
2018-01-20,61.78,133.33,5.88,23.45,25.36,56.8,4.32,0.85,9.53,2.26,0.86,105.0,12.1,19.8,6.2,10.0,17.4,3.6,11.5,25.6,293,31.0
2018-01-21,62.29,142.64,7.01,24.69,29.41,57.23,4.16,0.82,6.73,2.16,0.8,129.0,12.1,20.0,4.2,10.5,19.1,1.4,8.1,14.8,215,11.0
2018-01-22,114.55,240.52,17.4,29.75,47.15,58.62,4.98,1.35,5.84,2.45,0.09,205.0,10.8,19.7,3.8,8.8,18.4,1.3,9.4,16.6,111,17.0
2018-01-23,74.14,138.73,9.03,27.2,36.23,57.51,5.01,0.82,5.34,2.46,1.05,251.0,10.5,14.6,6.2,8.9,13.4,3.5,13.3,35.3,105,14.0
2018-01-24,32.28,54.63,1.89,23.52,24.67,56.92,4.23,0.57,7.08,1.59,0.49,56.0,12.0,17.9,6.3,11.1,17.0,4.7,9.5,17.6,322,9.0
2018-01-25,38.97,75.08,2.04,23.72,24.57,56.78,5.1,0.59,7.51,1.86,0.56,63.0,11.2,17.7,6.4,9.5,15.7,4.5,12.3,27.4,299,12.0
2018-01-26,45.27,88.16,0.76,22.78,22.57,56.83,4.35,0.59,6.13,1.93,0.64,85.0,11.5,18.6,5.9,10.2,17.4,4.0,10.3,22.0,300,14.0
2018-01-27,63.05,127.35,0.26,22.33,20.67,56.84,3.89,0.61,7.6,2.04,0.64,113.0,10.9,18.5,5.4,9.4,17.3,3.0,9.3,22.3,302,8.0
2018-01-28,38.0,75.22,0.73,22.84,22.94,57.06,4.7,0.65,5.25,1.71,0.59,89.0,10.9,18.8,6.3,9.3,17.1,4.1,11.8,25.6,304,10.0
2018-01-29,35.9,70.51,0.63,21.87,20.84,57.13,4.53,0.72,7.56,1.82,0.64,65.0,12.2,19.8,7.2,10.9,18.5,5.6,10.9,23.0,299,16.0
2018-01-30,47.99,98.55,1.76,24.1,24.17,57.16,3.95,0.64,10.23,2.26,0.7,91.0,14.0,21.1,8.7,12.5,19.5,7.0,15.1,31.7,303,14.0
2018-01-31,57.82,97.69,2.36,26.34,27.95,57.09,5.34,0.63,9.8,2.28,0.75,107.0,14.0,21.4,9.2,12.5,19.9,7.1,12.2,25.2,305,8.0
2018-02-01,45.83,92.75,4.9,26.68,29.1,57.28,5.39,0.59,11.9,2.36,0.63,88.0,14.8,22.8,9.1,13.9,22.0,7.3,11.5,24.1,302,31.0
2018-02-02,33.18,88.1,3.64,25.58,27.76,57.05,4.76,0.56,10.22,2.49,0.53,81.0,13.9,21.6,8.2,12.5,20.2,6.5,10.5,23.8,298,19.0
2018-02-03,44.46,106.57,18.28,24.12,41.79,6.11,4.14,0.53,6.26,10.64,0.6,104.0,13.1,20.7,8.0,11.4,18.8,5.2,11.7,21.6,306,15.0
2018-02-04,49.22,109.56,9.74,31.86,41.6,6.01,6.07,0.54,5.72,2.01,0.56,108.5,12.4,20.7,6.5,10.2,18.5,3.9,11.9,24.8,300,8.0
2018-02-05,49.54,180.06,9.68,31.87,41.55,6.01,5.43,0.56,5.84,2.02,0.65,106.0,13.3,20.5,6.8,11.5,18.7,4.7,10.1,14.0,286,17.0
2018-02-06,43.93,109.65,9.77,31.9,41.67,6.01,3.85,0.56,6.86,2.02,0.62,153.0,12.9,20.5,6.4,10.3,17.2,4.0,14.5,30.6,311,11.0
2018-02-07,46.78,110.23,9.76,31.88,41.64,6.01,6.13,0.6,6.59,2.01,0.6,105.0,11.3,20.2,4.3,8.9,17.5,1.2,12.9,28.1,292,25.0
2018-02-08,53.99,121.42,9.73,31.9,41.63,6.01,5.41,0.63,7.65,2.28,0.74,114.0,12.7,21.1,4.8,10.8,19.4,2.4,11.3,23.4,295,23.0
2018-02-09,52.52,118.72,9.71,31.9,41.6,6.0,6.26,0.82,7.39,2.25,0.68,108.0,12.9,21.2,6.6,10.7,18.8,3.8,11.9,25.9,300,28.0
2018-02-10,63.14,145.48,9.73,31.74,41.47,6.0,8.21,0.88,4.0,3.07,0.98,134.0,12.4,21.6,5.2,10.4,20.1,2.7,11.8,17.3,25,16.0
2018-02-11,56.5,133.83,9.71,31.68,41.39,6.01,6.88,0.61,3.39,3.14,0.86,106.0,15.4,23.1,8.9,14.1,22.3,5.8,11.9,23.4,355,23.0
2018-02-12,32.58,79.71,9.72,31.76,41.48,6.0,4.15,0.59,3.79,2.09,0.65,104.0,14.7,17.6,12.6,12.3,14.6,9.6,33.1,65.9,138,23.0
2018-02-13,18.32,35.13,9.71,31.77,41.48,6.0,6.69,0.42,3.92,1.72,0.44,46.0,14.3,20.2,10.1,13.1,20.7,8.8,14.6,25.9,22,24.0
2018-02-14,17.45,35.48,9.73,31.74,41.48,6.02,6.93,0.37,4.07,1.45,0.38,40.0,13.1,19.6,7.6,11.3,17.8,5.2,17.1,33.8,306,31.0
2018-02-15,32.9,63.74,9.71,31.72,41.43,6.02,6.75,0.54,4.44,2.06,0.56,60.0,13.7,19.7,9.0,12.0,17.8,6.6,13.0,28.1,297,24.0
2018-02-16,42.4,83.9,9.7,31.69,41.4,6.01,7.86,0.51,4.22,2.12,0.66,74.0,14.8,22.5,8.6,14.0,21.9,6.9,12.7,26.6,295,29.0
2018-02-17,43.61,90.49,9.68,31.68,41.36,6.0,7.41,0.49,4.48,2.27,0.68,88.0,15.4,22.7,9.9,14.6,22.1,8.7,12.4,26.3,294,16.0
2018-02-18,44.28,96.21,9.67,31.62,41.29,6.01,2.6,0.59,4.97,2.4,0.77,94.0,15.0,22.9,9.1,13.9,21.9,7.2,11.6,24.1,294,18.0
2018-02-19,43.25,103.53,9.71,31.64,41.35,6.0,2.95,0.67,4.59,2.25,0.7,94.0,16.0,24.2,9.0,15.5,23.7,7.6,11.9,25.2,309,44.0
2018-02-20,55.72,135.01,9.66,31.62,41.28,6.01,8.91,0.81,4.28,2.39,0.83,113.0,17.0,25.0,9.9,16.8,24.9,8.7,10.7,24.8,300,33.0
2018-02-21,57.5,136.21,9.67,31.6,41.27,6.02,7.9,0.87,4.22,4.44,0.93,135.0,18.4,26.1,11.9,18.7,26.4,11.6,10.7,23.4,313,30.0
2018-02-22,51.17,117.45,9.69,31.61,41.3,6.01,8.57,0.77,3.85,4.35,0.83,108.0,18.1,26.7,11.8,18.2,27.0,11.0,10.2,21.2,305,18.0
2018-02-23,45.99,111.84,9.74,31.64,41.38,6.01,9.07,0.8,3.91,3.17,0.85,101.0,18.6,27.0,11.9,18.9,26.9,11.4,8.1,16.2,315,25.0
2018-02-24,25.98,75.18,9.66,31.59,41.25,6.02,5.37,0.67,4.68,3.9,0.67,88.0,18.3,25.8,14.4,18.3,24.7,14.3,19.5,49.7,66,16.0
2018-02-25,22.89,53.19,9.75,31.65,41.4,6.02,7.63,0.54,4.45,2.29,0.48,57.0,17.2,23.9,11.9,17.5,25.3,11.5,14.4,30.2,302,8.0
2018-02-26,28.68,65.06,9.6,31.56,41.16,6.02,7.72,0.59,5.0,1.76,0.6,63.0,17.2,23.7,12.1,16.7,23.2,10.7,15.6,33.5,304,32.0
2018-02-27,35.95,82.76,9.67,31.6,41.27,6.0,8.72,0.76,4.82,3.04,0.69,77.0,18.8,25.9,13.5,18.9,26.1,12.9,12.6,27.4,300,29.0
2018-02-28,42.94,98.2,9.71,31.51,41.22,6.01,7.57,0.76,4.6,4.6,0.79,92.0,18.0,25.1,12.4,18.1,25.0,11.8,10.4,19.8,296,31.0
2018-03-01,35.59,84.51,9.69,31.54,41.23,6.02,8.15,0.71,6.32,2.39,0.79,89.0,18.7,25.9,13.1,18.8,26.1,12.7,15.7,31.7,318,16.0
2018-03-02,24.25,60.43,9.6,31.49,41.09,6.02,9.52,0.66,4.97,4.26,0.59,71.0,20.5,27.9,14.6,20.3,28.9,13.4,12.0,26.6,357,20.0
2018-03-03,23.61,56.78,9.6,31.6,41.2,6.0,5.11,0.53,4.53,5.19,0.51,54.0,18.4,23.0,14.5,18.4,23.8,13.3,16.6,36.0,344,22.0
2018-03-04,18.02,44.61,9.69,31.67,41.36,6.01,6.45,0.56,5.0,3.81,0.46,44.0,17.5,24.5,11.4,17.3,24.8,10.4,12.8,37.8,306,13.0
2018-03-05,23.59,54.33,9.65,31.63,41.28,6.02,8.72,0.56,5.64,3.71,0.59,56.0,17.5,25.4,11.2,16.8,25.3,10.5,13.7,32.8,306,22.0
2018-03-06,29.18,59.28,9.68,31.59,41.26,6.02,8.63,0.55,6.03,2.92,0.54,59.0,17.5,25.2,11.5,16.8,24.5,10.4,13.9,31.0,305,12.0
2018-03-07,35.25,75.45,9.73,31.67,41.41,6.01,9.42,0.66,6.53,2.9,0.68,67.0,17.9,26.1,11.3,16.9,25.1,9.9,14.1,30.6,301,14.0
2018-03-08,42.64,87.96,12.36,25.91,37.02,5.97,10.02,0.72,11.41,3.04,0.76,84.0,19.6,27.5,12.9,19.6,28.4,12.7,10.0,17.3,316,20.0
2018-03-09,25.07,63.93,15.43,20.74,35.46,6.0,8.36,0.67,20.13,1.78,0.55,70.0,20.1,28.0,13.8,19.3,28.1,12.9,15.9,31.0,333,20.0
2018-03-10,32.79,68.77,18.91,22.07,40.76,6.93,9.68,0.26,1.79,2.03,0.61,66.0,19.5,27.2,12.9,18.6,26.2,11.4,16.3,34.6,312,21.0
2018-03-11,37.13,85.95,15.97,21.79,37.76,6.17,11.34,0.68,1.28,4.14,0.73,81.0,20.1,28.4,13.5,19.8,28.3,13.0,13.4,29.2,301,15.0
2018-03-12,40.44,93.9,15.91,21.31,37.22,6.29,12.37,0.68,0.96,8.88,0.84,63.0,21.2,29.7,13.8,21.4,30.3,13.3,12.3,27.0,303,23.0
2018-03-13,54.14,128.78,15.97,21.25,37.22,6.26,15.14,0.68,0.56,9.03,1.08,90.0,22.7,31.5,14.9,23.5,33.1,15.1,11.7,20.9,69,19.0
2018-03-14,62.85,164.32,16.3,21.61,37.9,6.14,12.3,0.68,0.29,8.53,1.15,128.0,23.1,31.0,16.0,22.8,31.1,15.5,16.2,36.0,149,20.0
2018-03-15,59.13,179.44,15.82,21.61,37.43,6.24,9.82,0.68,0.74,7.15,1.22,125.0,21.2,29.4,16.4,20.1,29.6,13.8,20.9,40.3,78,18.0
2018-03-16,33.4,92.86,15.8,21.92,37.72,6.21,11.62,0.68,0.76,5.7,0.76,61.0,19.6,27.6,12.9,18.8,27.0,12.2,18.0,36.4,316,30.0
2018-03-17,32.19,77.15,15.94,21.78,37.72,6.2,11.15,0.68,1.24,5.29,0.66,53.0,19.5,28.0,12.4,18.0,25.9,10.7,18.6,38.5,311,19.0
2018-03-18,34.51,81.89,16.07,21.84,37.91,6.14,12.64,0.68,1.85,5.22,0.77,56.0,20.1,28.8,12.1,19.0,27.7,10.7,15.2,33.1,303,20.0
2018-03-19,37.74,84.97,17.95,21.34,39.09,6.13,11.91,0.68,2.17,4.06,0.77,59.0,20.8,29.5,13.4,19.9,28.6,11.5,14.4,32.0,310,35.0
2018-03-20,57.55,119.18,17.98,21.58,38.8,7.74,6.35,0.28,28.5,4.06,0.8,110.0,21.9,31.0,14.1,22.0,31.4,13.1,10.4,24.5,294,22.0
2018-03-21,42.55,78.86,26.21,10.95,27.67,9.49,3.98,0.29,41.33,1.24,0.29,108.5,18.8,25.4,15.5,18.8,25.4,13.7,26.6,47.9,38,16.0
2018-03-22,26.64,54.4,29.04,14.66,38.7,8.09,4.67,0.39,6.02,2.69,0.22,108.5,18.6,25.0,13.2,19.0,25.8,13.2,10.2,31.7,321,14.0
2018-03-23,49.12,112.18,28.82,14.73,38.55,8.08,2.55,0.45,4.59,3.03,0.26,108.5,20.5,27.8,14.1,20.7,28.5,14.2,11.5,27.7,301,18.0
2018-03-24,48.65,101.74,28.8,14.72,38.52,8.12,3.8,0.39,4.37,3.11,0.39,108.5,21.4,29.5,14.6,21.1,29.5,14.0,15.8,33.8,307,20.0
2018-03-25,58.96,113.38,28.87,14.73,38.6,8.07,4.27,0.52,4.37,3.46,0.3,108.5,21.8,31.0,14.0,21.9,30.9,13.1,13.2,29.9,296,17.0
2018-03-26,77.03,146.57,28.9,14.86,38.76,8.04,1.42,0.53,4.37,3.52,0.67,108.5,23.0,31.2,15.9,23.1,31.0,15.0,17.0,35.3,298,30.0
2018-03-27,82.89,160.09,28.92,14.92,38.83,8.02,4.7,0.64,4.37,4.22,0.61,108.5,24.2,32.8,16.2,25.2,34.2,16.8,10.6,24.1,16,22.0
2018-03-28,95.71,185.46,28.9,14.95,38.85,8.02,3.86,0.67,4.37,4.19,0.81,108.5,24.2,33.0,16.3,24.3,33.3,16.3,16.3,34.2,313,17.0
2018-03-29,57.53,149.6,28.95,14.92,38.87,8.01,3.51,0.53,4.37,3.3,0.54,108.5,23.6,32.5,15.8,23.1,32.4,14.4,13.9,30.6,296,11.0
2018-03-30,94.58,196.78,28.82,14.95,38.77,8.04,2.56,0.77,4.37,3.05,0.67,108.5,24.6,33.0,15.3,24.6,34.8,13.6,11.7,20.5,295,24.0
2018-03-31,116.26,240.06,28.76,14.97,38.73,8.05,5.99,0.76,4.37,4.8,0.55,108.5,25.1,33.2,17.0,25.2,36.2,16.2,23.2,47.2,141,23.0
2018-04-01,81.55,188.5,28.65,14.98,38.62,8.05,2.09,1.01,4.37,4.22,0.25,108.5,25.1,32.2,18.0,25.9,33.6,18.6,13.8,30.6,130,13.0
2018-04-02,95.85,192.4,28.73,15.0,38.72,8.05,5.0,0.37,4.37,5.67,0.57,108.5,26.0,33.5,18.4,27.1,35.5,19.0,11.6,28.1,101,17.0
2018-04-03,80.5,157.25,28.94,14.82,38.75,8.05,5.4,0.61,4.37,4.66,0.41,108.5,26.1,33.5,19.8,27.8,37.2,20.8,19.8,42.8,32,18.0
2018-04-04,70.95,147.97,28.91,14.93,38.82,8.03,5.75,0.45,4.37,2.97,0.36,108.5,26.4,33.7,19.8,28.6,37.3,22.5,9.7,23.4,295,23.0
2018-04-05,51.01,164.8,13.48,14.92,25.0,8.01,6.13,0.98,11.58,2.955,8.004999999999999,108.5,25.7,33.2,19.5,26.8,35.3,20.5,23.4,42.8,323,28.0
2018-04-06,45.99,167.56,13.48,14.94,25.0,8.02,9.16,0.85,11.58,2.955,8.004999999999999,150.0,26.1,34.8,20.5,27.2,35.7,20.8,24.1,52.6,332,18.0
2018-04-07,34.61,136.21,13.48,14.93,25.0,8.03,9.88,0.8,11.58,2.955,8.004999999999999,133.0,25.0,32.9,18.5,25.6,35.6,19.0,24.6,51.1,130,30.0
2018-04-08,33.35,128.2,13.48,14.91,25.0,8.04,6.72,0.74,11.58,2.955,8.004999999999999,116.0,25.9,31.8,20.0,26.2,31.7,20.8,20.5,44.3,121,12.0
2018-04-09,26.96,102.59,13.48,14.94,25.0,8.03,5.09,0.68,11.58,2.955,8.004999999999999,102.0,25.4,32.9,19.8,26.6,35.2,20.7,17.9,31.7,124,28.0
2018-04-10,48.49,132.1,13.48,17.14,25.0,8.09,8.5,0.81,11.58,2.955,8.004999999999999,102.0,25.7,31.9,20.0,27.6,34.9,21.6,8.7,21.6,113,25.0
2018-04-11,30.94,102.91,13.48,20.22,25.0,8.01,5.8,0.83,11.58,2.955,8.004999999999999,101.0,23.4,29.0,18.6,24.8,30.2,20.1,14.9,33.5,89,27.0
2018-04-12,36.45,87.09,13.48,20.25,25.0,8.01,4.26,0.65,11.58,2.955,8.004999999999999,98.0,23.8,30.6,18.2,24.4,31.3,17.9,20.2,35.3,344,22.0
2018-04-13,24.11,61.61,13.48,20.23,25.0,8.01,3.1,0.64,11.58,2.955,8.004999999999999,57.0,23.7,32.2,15.2,22.4,31.1,14.1,12.6,28.4,319,14.0
2018-04-14,35.78,90.6,13.48,20.28,25.0,8.0,4.7,0.66,11.58,2.955,8.004999999999999,76.0,25.1,33.5,17.5,24.0,32.7,16.5,18.5,38.5,317,15.0
2018-04-15,67.18,117.24,13.48,20.23,25.0,8.02,6.16,0.79,11.58,2.955,8.004999999999999,101.0,26.6,35.3,18.0,26.1,35.0,17.4,11.2,28.8,319,21.0
2018-04-16,50.14,137.8,13.48,14.66,25.0,8.03,7.57,0.83,11.58,2.955,8.004999999999999,132.0,26.4,34.5,20.5,25.8,33.5,18.4,18.1,43.6,44,14.0
2018-04-17,34.48,82.98,13.48,20.23,25.0,8.02,5.82,0.58,11.58,2.955,8.004999999999999,92.0,26.6,35.5,18.4,25.9,34.3,19.2,16.6,34.9,313,20.0
2018-04-18,34.05,86.76,13.48,20.25,25.0,8.01,5.11,0.65,11.58,2.955,8.004999999999999,81.0,27.1,35.5,19.6,25.7,33.9,19.1,23.9,47.2,310,11.0
2018-04-19,52.87,139.14,13.48,20.24,25.0,8.0,5.04,0.7,11.58,2.955,8.004999999999999,116.0,27.6,35.6,19.9,26.7,35.2,18.4,17.7,37.8,341,18.0
2018-04-20,67.59,215.74,13.48,20.25,25.0,8.0,7.7,0.61,11.58,2.955,8.004999999999999,180.0,26.0,35.1,19.9,24.2,31.0,19.2,30.8,64.1,116,23.0
2018-04-21,34.66,84.01,13.48,20.24,25.0,8.01,3.87,0.54,11.58,2.955,8.004999999999999,101.0,24.4,31.8,16.3,22.9,30.4,16.8,19.8,40.3,328,11.0
2018-04-22,30.52,76.28,13.48,20.24,25.0,8.0,4.01,0.6,11.58,2.955,8.004999999999999,83.0,24.2,31.7,15.7,22.6,30.4,14.4,12.7,31.3,303,6.0
2018-04-23,48.07,119.45,13.48,20.25,25.0,8.01,4.72,0.74,11.58,2.955,8.004999999999999,104.0,26.1,35.1,17.6,24.4,33.4,15.7,16.1,36.4,304,21.0
2018-04-24,49.29,117.8,13.48,20.26,25.0,8.02,6.13,1.04,11.58,2.955,8.004999999999999,108.0,28.2,37.0,18.5,26.6,35.6,17.0,15.3,34.6,311,16.0
2018-04-25,71.45,163.91,13.48,20.25,25.0,8.01,13.7,0.95,11.58,2.955,8.004999999999999,147.0,30.2,38.8,22.2,29.1,39.2,22.0,20.6,38.2,32,9.0
2018-04-26,84.18,190.42,13.48,20.24,25.0,8.02,13.54,0.8,11.58,2.955,8.004999999999999,174.0,30.3,40.0,20.0,29.3,39.7,19.0,13.0,24.8,334,11.0
2018-04-27,82.75,214.94,13.48,20.26,25.0,8.0,10.64,0.83,11.58,2.955,8.004999999999999,172.0,29.8,38.2,22.3,29.6,40.3,20.8,21.3,47.5,118,10.0
2018-04-28,69.11,186.0,13.48,20.25,25.0,8.01,7.78,0.69,11.58,2.955,8.004999999999999,160.0,30.4,37.9,22.8,30.6,39.5,22.9,17.2,41.0,117,10.0
2018-04-29,69.92,157.51,13.48,20.26,25.0,8.01,15.29,0.7,11.58,2.955,8.004999999999999,151.0,29.7,37.8,21.1,29.7,39.8,21.4,17.1,37.1,277,5.0
2018-04-30,84.16,193.91,13.48,20.25,25.0,8.02,8.87,1.14,11.58,2.955,8.004999999999999,171.0,31.0,40.5,22.5,30.4,41.0,22.4,12.2,30.2,157,10.0
2018-05-01,64.83,180.61,13.48,20.23,25.0,8.01,4.92,0.68,11.58,2.955,8.004999999999999,154.0,30.6,38.8,25.4,30.5,40.5,24.3,22.8,46.8,140,22.0
2018-05-02,61.04,191.51,13.48,20.24,25.0,8.01,6.32,0.77,11.58,2.955,8.004999999999999,173.0,29.4,37.5,24.1,30.6,39.0,25.5,19.9,45.4,125,21.0
2018-05-03,50.89,139.34,13.48,20.25,25.0,8.02,8.42,0.77,11.58,2.955,8.004999999999999,115.0,28.6,36.7,21.4,29.5,37.2,23.7,23.9,57.2,108,14.0
2018-05-04,56.21,134.44,13.48,20.26,25.0,8.01,5.8,0.8,11.58,2.955,8.004999999999999,140.0,28.4,34.3,22.4,29.5,37.3,23.7,14.3,46.4,77,13.0
2018-05-05,82.07,163.91,13.48,20.27,25.0,8.0,8.57,0.81,11.58,2.955,8.004999999999999,126.0,30.0,37.7,22.8,30.1,38.5,23.2,16.4,37.8,315,22.0
2018-05-06,54.94,125.75,13.48,20.07,25.0,8.33,9.87,1.02,11.58,2.955,8.004999999999999,136.0,29.8,37.2,24.2,29.4,35.2,22.8,20.8,43.9,357,11.0
2018-05-07,52.56,97.66,13.48,20.18,25.0,8.02,7.41,0.31,11.58,2.955,8.004999999999999,90.0,28.4,36.5,23.4,28.4,38.8,22.7,29.8,52.6,22,31.0
2018-05-08,37.63,84.11,13.48,20.22,25.0,8.01,10.34,0.27,11.58,2.955,8.004999999999999,108.5,25.6,31.8,21.9,26.9,33.6,23.4,12.6,27.0,50,25.0
2018-05-09,50.59,89.71,13.48,20.22,25.0,8.03,11.47,0.27,11.58,2.955,8.004999999999999,86.0,26.6,33.6,19.6,27.1,35.1,21.0,16.1,40.7,348,17.0
2018-05-10,90.86,166.61,13.48,20.21,25.0,8.02,19.79,0.43,11.58,2.955,8.004999999999999,166.0,29.0,36.9,20.8,29.3,37.5,20.8,12.1,28.8,316,17.0
2018-05-11,100.0,184.72,13.48,20.25,25.0,8.01,14.48,0.84,11.58,2.955,8.004999999999999,211.0,31.7,39.3,22.7,32.5,40.4,22.8,12.0,28.8,321,20.0
2018-05-12,128.0,219.6,13.48,20.23,25.0,8.02,28.7,0.76,11.58,2.955,8.004999999999999,281.0,32.0,39.8,25.4,32.8,42.8,26.3,18.1,35.3,70,20.0
2018-05-13,75.23,115.14,13.48,14.66,25.0,8.03,14.0,0.57,11.58,2.955,8.004999999999999,107.0,30.9,39.7,23.8,31.0,41.6,25.0,22.9,45.0,358,10.0
2018-05-14,48.45,84.5,13.48,20.19,25.0,8.01,12.35,0.79,11.58,2.955,8.004999999999999,132.0,28.5,36.3,21.2,29.2,38.7,21.7,15.9,32.4,135,26.0
2018-05-15,130.86,123.44,13.48,20.17,25.0,8.03,12.16,0.53,11.58,2.955,8.004999999999999,108.5,29.6,37.5,22.5,30.7,40.6,24.3,19.8,37.8,31,13.0
2018-05-16,93.05,162.03,18.92,20.11,39.04,8.03,13.63,0.64,33.32,8.9,18.33,230.0,30.3,38.9,23.6,30.1,39.9,23.2,22.3,43.6,321,12.0
2018-05-17,121.69,206.64,18.95,20.07,39.02,8.03,16.9,0.85,21.51,9.35,20.53,275.0,30.4,39.2,22.5,30.3,39.6,22.1,15.2,33.5,309,14.0
2018-05-18,109.31,198.41,19.02,20.08,39.1,8.02,14.38,0.76,14.59,9.32,19.56,267.0,29.8,36.2,23.8,29.9,37.5,23.1,14.2,27.4,325,18.0
2018-05-19,97.69,186.42,18.57,20.05,38.61,8.03,17.91,0.71,19.43,8.79,18.53,220.0,31.2,38.7,23.8,30.2,38.5,22.1,18.6,34.9,328,17.0
2018-05-20,119.96,135.2,19.15,19.96,39.11,8.02,13.88,0.69,5.72,8.61,17.58,258.0,30.8,39.1,22.0,28.9,37.4,21.1,15.3,31.7,314,13.0
2018-05-21,89.05,135.28,18.86,20.02,38.88,8.04,12.09,0.63,29.25,8.09,17.13,203.0,31.4,40.1,21.6,28.7,37.7,19.3,18.7,38.5,329,22.0
2018-05-22,89.89,154.62,18.95,19.97,38.92,8.04,18.37,0.64,26.91,6.66,17.8,202.0,33.0,41.3,24.2,30.7,40.3,21.4,14.7,29.9,325,21.0
2018-05-23,106.86,151.81,19.01,19.93,38.94,8.03,12.84,0.65,26.38,6.64,18.79,211.0,33.5,41.2,25.2,30.6,39.6,22.4,18.9,39.6,322,16.0
2018-05-24,65.04,132.37,18.98,19.89,38.87,8.06,15.91,0.62,25.56,5.75,18.52,144.0,32.4,40.4,23.6,29.7,38.5,20.8,15.4,32.0,315,24.0
2018-05-25,76.88,142.76,24.1,11.5,34.58,8.07,17.84,0.64,26.15,6.95,18.66,147.0,33.1,41.2,25.0,30.9,39.0,22.6,16.1,36.4,310,26.0
2018-05-26,82.17,170.02,28.98,4.53,33.53,8.0,31.54,0.9,23.22,10.87,23.63,165.0,33.6,42.1,25.2,31.6,41.0,22.7,12.3,25.6,343,12.0
2018-05-27,112.72,230.77,38.44,5.56,36.9,8.42,24.29,0.86,26.09,11.73,26.1,237.0,33.7,42.2,25.5,31.3,40.5,22.2,16.7,34.2,38,22.0
2018-05-28,99.0,201.56,40.18,8.2,39.71,9.09,17.58,0.54,10.14,9.38,22.32,256.0,32.9,41.7,24.6,31.4,40.5,23.1,16.1,35.3,295,23.0
2018-05-29,122.21,226.31,30.31,6.07,34.66,8.24,21.79,0.8,7.27,11.14,25.32,228.0,33.4,42.5,24.4,32.2,42.4,23.5,21.9,51.1,126,22.0
2018-05-30,90.01,231.42,28.48,4.84,32.1,8.38,12.43,0.76,7.27,10.89,21.2,228.0,33.1,40.6,27.4,34.0,43.0,28.0,21.1,44.6,139,19.0
2018-05-31,93.23,205.21,31.92,5.21,35.56,8.55,18.57,0.76,7.27,10.44,21.08,178.0,33.3,41.0,27.4,34.9,43.0,29.2,17.6,36.7,140,22.0
2018-06-01,85.88,255.31,32.16,5.3,35.23,9.02,17.07,0.52,8.09,9.36,19.15,221.0,32.7,38.9,27.6,34.0,40.5,29.1,26.7,53.3,119,35.0
2018-06-02,57.16,122.91,28.09,6.18,34.07,7.92,9.37,0.69,25.74,9.47,16.52,161.0,32.8,39.5,26.8,34.5,42.6,28.5,17.6,37.8,131,27.0
2018-06-03,60.6,131.66,59.29,7.5,45.01,9.14,9.05,0.62,29.84,9.12,17.72,117.0,33.7,39.5,28.2,36.3,43.7,30.1,18.0,36.4,125,10.0
2018-06-04,87.89,159.06,29.25,6.49,31.53,14.44,13.1,0.81,27.55,8.55,17.81,178.0,34.9,40.0,29.9,37.4,43.4,32.1,20.2,41.4,135,37.0
2018-06-05,65.95,149.78,28.67,4.42,30.12,11.87,8.81,0.6,29.01,8.42,17.18,108.5,35.1,39.5,31.5,37.4,41.8,33.4,22.9,47.5,126,25.0
2018-06-06,43.78,81.65,26.99,7.47,30.85,12.57,12.75,0.62,19.25,7.76,15.06,106.0,31.8,35.9,25.7,35.4,40.4,29.4,17.8,38.9,102,17.0
2018-06-07,69.7,122.62,27.95,4.35,31.89,8.32,17.52,0.8,24.39,9.8,19.52,109.0,32.7,38.0,26.6,37.4,43.4,31.4,9.7,19.4,104,23.0
2018-06-08,69.29,163.18,25.61,12.22,33.89,8.26,14.19,0.65,29.38,7.79,18.75,163.0,34.3,38.8,29.1,38.3,43.7,33.8,18.1,32.8,114,20.0
2018-06-09,40.7,94.87,22.58,21.41,39.19,8.99,19.97,0.57,15.34,6.6,16.29,104.0,30.4,35.6,25.3,34.6,39.9,29.8,23.4,49.3,109,12.0
2018-06-10,52.64,105.01,22.91,21.02,42.18,8.11,18.75,0.62,16.93,7.27,17.79,108.0,30.4,34.5,26.0,36.3,41.7,32.2,17.4,36.4,48,9.0
2018-06-11,53.54,135.97,22.52,18.12,30.84,7.83,12.12,0.54,18.4,6.8,16.23,115.0,32.6,38.3,27.4,37.2,42.1,32.7,14.4,30.2,331,26.0
2018-06-12,60.24,163.83,13.48,14.66,0.0,8.03,25.07,0.61,22.56,8.79,18.79,139.0,33.4,40.2,26.2,36.7,43.4,29.2,9.5,23.4,325,22.0
2018-06-13,126.68,400.07,22.92,16.13,10.36,8.35,17.53,0.52,16.04,8.02,17.14,177.0,34.8,41.7,28.0,37.1,44.7,30.1,10.9,24.1,279,29.0
2018-06-14,312.27,757.09,22.89,17.36,38.28,7.79,16.39,0.57,11.57,5.48,14.08,488.0,34.8,41.6,27.8,37.9,44.3,30.7,12.6,29.9,261,25.0
2018-06-15,209.12,790.59,22.6,36.09,35.04,7.74,27.79,0.55,22.05,5.94,15.82,340.0,34.1,39.2,29.1,37.9,43.0,33.4,9.6,24.1,181,13.0
2018-06-16,124.58,346.33,29.94,48.71,32.06,7.55,15.27,1.21,26.42,6.27,16.08,353.0,31.4,37.7,25.3,35.3,42.2,29.8,18.1,34.2,127,14.0
2018-06-17,45.49,107.96,60.85,117.49,3.66,7.38,10.46,0.64,27.47,6.41,14.14,138.0,28.6,33.0,23.2,33.0,38.4,26.8,13.0,29.9,119,8.0
2018-06-18,52.78,156.34,61.75,93.14,7.6,15.61,13.21,0.56,32.09,7.24,15.4,134.0,28.5,34.8,24.1,32.8,40.3,28.2,17.6,44.6,307,12.0
2018-06-19,50.78,158.16,60.84,29.17,4.08,2.76,5.38,0.38,26.1,7.32,15.54,138.0,30.6,36.5,24.4,34.4,40.5,29.2,11.2,23.8,332,17.0
2018-06-20,46.39,144.43,56.73,1.64,0.31,1.65,19.12,1.14,43.8,7.13,16.45,142.0,32.2,38.2,25.3,35.6,41.9,28.8,11.5,27.4,335,18.0
2018-06-21,43.39,121.93,38.07,59.91,1.38,3.74,11.21,0.19,25.36,7.23,15.57,125.0,32.5,38.3,27.4,35.8,42.3,30.9,9.7,24.1,317,17.0
2018-06-22,48.47,101.08,15.13,18.92,13.32,4.93,19.18,0.22,52.42,6.8,16.14,95.0,33.1,39.5,26.4,36.0,43.4,29.8,14.1,28.4,339,19.0
2018-06-23,56.25,110.92,6.4,15.68,19.7,5.08,10.58,0.14,42.09,5.42,14.69,121.0,32.3,38.7,27.6,34.8,41.4,30.3,17.7,36.0,320,15.0
2018-06-24,59.75,90.35,6.14,12.89,18.96,4.55,7.89,0.19,46.98,5.81,15.77,95.0,32.7,39.2,25.5,35.4,41.7,28.5,12.2,28.8,314,12.0
2018-06-25,57.56,129.07,6.05,13.01,18.84,4.41,10.69,0.28,40.99,5.73,14.55,115.0,33.4,39.0,26.7,36.0,42.2,29.1,15.8,29.5,304,27.0
2018-06-26,53.83,130.88,6.06,12.42,18.45,4.51,7.36,0.29,37.29,5.72,14.97,116.0,33.3,38.2,27.5,36.7,43.3,30.9,14.6,26.6,195,28.0
2018-06-27,38.93,88.65,6.05,12.83,17.22,4.35,7.57,1.26,26.29,4.88,13.05,98.0,28.2,31.0,25.2,32.5,34.8,29.3,16.1,31.3,89,16.0
2018-06-28,31.16,39.61,6.11,12.94,18.79,4.45,7.01,0.58,7.69,5.55,15.4,57.0,27.1,32.2,23.7,31.9,38.0,27.4,21.0,59.4,80,17.0
2018-06-29,33.02,76.61,6.1,12.73,18.81,4.78,6.37,0.61,6.08,7.01,16.11,108.5,28.7,31.6,25.6,34.2,37.5,30.1,15.6,56.9,120,18.0
2018-06-30,45.75,91.28,6.01,12.51,18.53,4.3,6.02,0.76,14.35,5.79,15.11,83.0,30.2,33.2,26.8,36.4,40.2,32.1,10.5,33.1,117,29.0
2018-07-01,49.89,95.73,6.31,14.36,20.03,4.5,5.42,0.28,9.76,5.68,15.29,94.0,30.4,34.2,27.5,37.2,40.9,34.1,8.6,20.5,291,14.0
2018-07-02,40.87,76.4,6.26,13.65,19.88,4.49,4.96,0.57,9.7,7.15,17.81,85.0,30.0,34.0,25.7,36.6,41.3,31.6,12.0,27.4,194,22.0
2018-07-03,32.65,66.62,6.03,12.44,17.47,4.33,6.34,1.17,6.88,7.46,17.58,68.0,27.5,30.2,24.5,32.5,36.2,28.3,15.3,41.0,109,25.0
2018-07-04,28.11,55.74,6.07,12.67,18.13,4.39,10.3,0.72,9.3,7.47,16.23,65.0,26.2,30.1,23.7,31.0,35.7,27.8,12.8,28.1,102,21.0
2018-07-05,38.65,66.78,6.11,12.74,18.85,4.42,5.33,0.35,10.45,5.87,16.38,64.0,27.7,32.4,24.0,33.1,38.2,28.7,8.7,20.9,307,25.0
2018-07-06,37.23,69.68,6.05,12.58,18.44,4.37,6.46,0.6,14.53,5.24,14.85,70.0,29.0,34.0,24.3,34.3,39.7,28.8,10.7,24.8,305,28.0
2018-07-07,35.75,78.6,6.11,12.73,18.84,4.46,5.56,0.7,21.92,5.97,15.03,73.0,30.5,35.3,25.6,36.2,41.8,30.9,11.8,24.8,302,19.0
2018-07-08,33.09,89.58,5.89,11.97,17.26,4.21,8.09,0.57,21.44,5.85,13.98,88.0,31.3,36.5,26.0,37.5,43.1,31.3,10.8,21.6,302,6.0
2018-07-09,49.02,121.53,6.11,12.74,18.85,4.41,6.04,0.71,6.1,7.33,18.17,108.0,32.0,36.5,26.5,38.6,43.6,32.8,11.5,20.2,126,23.0
2018-07-10,40.5,94.9,6.04,12.63,18.32,4.41,6.02,0.42,7.28,2.98,12.61,96.0,31.7,35.8,28.1,38.3,43.8,33.3,15.3,32.4,119,26.0
2018-07-11,25.82,75.52,5.97,12.36,17.48,4.33,4.03,0.49,15.02,0.27,8.67,82.0,29.8,33.3,25.9,36.2,41.3,30.9,14.5,27.4,122,18.0
2018-07-12,19.58,58.03,5.83,11.56,9.96,4.13,7.27,1.01,11.3,0.25,7.89,72.0,30.0,33.2,26.9,36.4,40.6,32.4,13.7,28.8,117,16.0
2018-07-13,16.87,24.88,6.07,12.6,14.88,4.37,5.57,0.81,12.8,0.29,9.12,48.0,28.4,32.2,25.8,34.4,39.8,31.0,16.0,32.4,125,18.0
2018-07-14,14.36,47.38,6.11,12.69,18.8,4.42,4.58,0.69,11.92,0.3,9.56,42.0,28.9,33.0,25.8,35.3,39.7,31.8,10.7,24.5,125,19.0
2018-07-15,15.73,43.45,5.95,12.1,15.88,4.27,10.43,0.66,12.34,0.26,8.17,42.0,30.0,33.6,26.5,36.5,40.1,32.8,11.2,31.0,118,12.0
2018-07-16,21.77,65.29,6.03,12.55,16.8,4.36,6.07,0.94,10.28,0.27,8.73,61.0,28.3,31.4,26.2,34.5,37.8,31.3,14.4,25.6,113,24.0
2018-07-17,14.71,70.67,6.12,12.8,16.57,4.44,3.81,0.68,5.94,0.27,8.55,68.0,28.6,32.4,26.5,35.3,40.4,33.0,12.5,29.9,116,26.0
2018-07-18,68.61,84.38,6.83,12.8,18.93,4.41,2.81,0.63,4.69,0.3,9.56,76.0,29.1,32.8,26.3,36.5,40.9,33.1,6.9,19.8,123,13.0
2018-07-19,43.34,94.52,8.01,9.8,15.92,4.32,38.6,1.7,2.59,0.3,9.56,97.0,29.4,33.3,26.4,36.9,41.9,33.3,9.7,24.5,181,16.0
2018-07-20,45.63,71.99,7.73,4.85,10.52,3.9,12.17,0.94,2.59,0.3,9.56,81.0,29.5,32.6,26.5,37.1,39.8,33.5,8.0,19.4,201,23.0
2018-07-21,54.8,61.79,7.54,4.89,9.21,3.7,9.26,0.8,2.59,0.3,9.56,114.0,29.6,33.3,27.1,37.0,41.8,32.8,12.7,23.8,149,22.0
2018-07-22,17.99,36.74,7.28,5.04,8.98,3.68,16.9,0.63,4.31,0.28,8.91,108.5,27.5,29.9,25.4,33.4,35.8,30.4,15.5,28.1,130,11.0
2018-07-23,43.87,77.7,7.48,8.14,11.81,3.82,2.33,0.72,8.11,0.29,9.24,108.5,28.9,32.8,25.5,35.9,39.8,31.8,9.9,27.0,133,14.0
2018-07-24,33.84,87.17,13.48,14.66,0.0,8.03,3.96,0.71,16.65,0.3,9.46,99.0,28.4,31.4,26.2,35.5,38.8,32.9,8.6,26.6,107,24.0
2018-07-25,11.98,84.12,6.1,12.79,16.28,4.4,5.21,0.72,16.87,0.3,9.47,83.0,29.0,32.7,26.0,36.2,41.3,31.5,10.3,22.7,208,31.0
2018-07-26,18.81,62.1,6.13,13.17,19.3,4.45,5.55,0.75,15.01,0.3,9.56,70.0,27.6,31.5,25.1,33.6,38.7,30.6,13.2,25.9,138,13.0
2018-07-27,23.59,50.48,6.15,13.2,19.34,4.48,5.12,0.75,14.6,0.3,9.56,55.0,27.6,30.6,25.1,33.9,37.2,31.1,9.5,24.8,136,12.0
2018-07-28,27.45,51.34,6.12,13.16,19.28,4.44,5.64,0.87,15.7,0.3,9.56,108.5,28.1,32.1,25.0,34.3,39.4,30.5,11.0,24.8,117,17.0
2018-07-29,34.12,58.94,6.37,16.48,19.39,4.91,4.57,0.76,21.69,0.28,9.13,108.5,28.4,32.7,24.5,34.2,38.8,29.2,10.0,28.4,282,12.0
2018-07-30,23.92,43.34,6.12,13.24,19.36,4.49,5.58,0.68,26.4,0.3,9.56,108.5,29.4,33.2,26.1,36.1,40.5,32.4,10.1,29.5,288,17.0
2018-07-31,33.76,54.74,6.09,13.08,18.74,4.39,4.46,1.1,20.64,0.29,9.3,65.0,29.9,33.7,26.0,37.0,41.1,32.5,9.7,26.6,275,12.0
2018-08-01,35.47,73.21,6.07,13.1,18.75,4.43,4.55,0.86,21.15,0.29,9.17,58.0,29.5,33.7,25.6,36.4,42.8,30.8,8.1,24.5,121,19.0
2018-08-02,36.82,95.68,6.12,13.17,19.29,4.45,4.18,0.69,14.56,0.3,9.56,96.0,29.9,33.5,26.4,36.8,42.3,32.4,9.3,24.1,89,14.0
2018-08-03,37.15,82.76,6.12,13.19,19.1,4.47,4.19,0.72,14.41,0.3,9.46,88.0,29.9,33.7,26.6,36.9,42.4,32.3,8.8,28.1,122,21.0
2018-08-04,61.98,95.49,6.12,13.21,19.33,4.45,3.93,0.92,33.27,0.3,9.56,90.0,30.1,33.8,26.9,36.9,42.5,32.3,10.2,23.4,132,14.0
2018-08-05,41.74,59.15,6.12,13.2,19.33,4.45,5.72,0.81,59.64,0.3,9.56,106.0,30.5,34.5,27.3,37.1,41.6,33.5,12.8,23.4,150,15.0
2018-08-06,13.39,21.96,6.11,13.15,19.26,4.43,11.06,1.17,47.19,0.3,9.52,50.0,27.2,28.7,25.5,32.1,33.8,30.1,16.9,31.3,131,22.0
2018-08-07,12.58,17.81,6.16,13.48,19.64,4.5,8.72,0.89,9.04,0.16,5.18,44.0,26.4,29.8,24.2,31.6,34.3,29.6,12.8,27.7,124,26.0
2018-08-08,16.71,45.26,6.1,13.13,19.02,4.43,5.69,0.62,6.31,0.6,4.13,40.0,27.5,31.0,23.8,33.3,37.8,28.7,12.5,40.3,119,10.0
2018-08-09,17.1,39.61,6.13,13.21,19.33,4.45,10.46,0.69,29.94,2.4,16.45,42.0,28.1,30.8,26.1,34.9,38.0,32.8,9.0,27.4,66,19.0
2018-08-10,36.42,54.76,6.12,13.19,19.32,4.44,15.68,0.72,18.67,2.4,16.45,55.0,29.2,32.5,25.8,36.2,40.7,32.4,7.7,16.2,304,23.0
2018-08-11,18.92,39.57,6.11,13.12,19.03,4.44,11.37,0.44,26.77,2.36,16.16,51.0,29.6,32.9,26.5,37.0,41.5,33.0,7.8,25.6,229,19.0
2018-08-12,19.85,62.82,6.12,13.14,19.26,4.43,11.38,0.57,41.53,2.4,16.45,55.0,28.5,32.4,26.4,35.1,40.5,31.8,13.0,26.3,135,22.0
2018-08-13,10.95,44.21,6.09,13.11,18.98,4.45,10.1,0.85,42.06,2.35,16.1,51.0,26.3,28.6,24.9,31.4,34.3,29.2,13.9,31.0,124,18.0
2018-08-14,15.25,46.77,5.9,12.59,18.13,4.28,14.7,1.44,12.32,2.28,15.66,88.0,28.3,31.8,25.0,34.7,40.5,29.3,10.5,28.4,72,15.0
2018-08-15,13.34,40.65,6.02,12.67,18.48,4.34,13.13,1.09,18.07,2.34,16.08,108.5,28.8,32.2,26.0,35.7,40.6,32.2,11.8,21.2,145,11.0
2018-08-16,23.84,63.59,6.06,13.03,19.08,4.42,10.01,0.97,16.61,2.4,16.45,62.0,28.6,31.9,25.9,35.2,39.8,31.7,12.7,23.8,111,22.0
2018-08-17,17.35,58.33,5.91,12.28,17.51,4.23,19.1,1.4,14.18,2.24,15.35,70.0,28.5,31.1,26.4,35.3,38.8,33.3,11.8,26.6,119,33.0
2018-08-18,19.81,53.33,6.03,12.67,18.39,4.34,13.72,0.95,8.79,2.3,15.76,57.0,28.4,31.2,26.0,35.4,39.7,32.5,9.2,22.3,117,18.0
2018-08-19,13.75,29.72,6.11,12.95,19.05,4.43,12.11,1.06,17.23,2.4,16.45,66.0,29.0,32.5,26.0,36.4,41.0,32.8,6.3,16.6,284,8.0
2018-08-20,16.56,45.07,6.11,13.06,19.18,4.42,10.27,0.84,10.63,2.4,16.45,39.0,29.6,33.7,26.7,37.1,41.5,33.9,9.7,21.6,89,33.0
2018-08-21,16.5,40.4,6.12,13.19,19.31,4.45,12.06,1.05,10.68,2.4,16.45,49.0,29.1,32.7,25.8,36.0,40.9,31.7,10.5,21.6,113,29.0
2018-08-22,17.56,48.01,6.12,13.19,19.31,4.45,11.18,1.07,12.0,2.4,16.45,68.0,28.8,31.8,26.8,36.0,40.4,32.9,8.7,20.2,144,27.0
2018-08-23,16.21,35.82,6.08,13.06,18.92,4.4,9.99,0.75,16.62,2.32,15.93,36.0,28.5,31.8,25.8,35.5,40.4,31.4,10.8,24.1,160,26.0
2018-08-24,12.93,43.55,5.98,12.79,18.56,4.49,8.56,0.83,22.18,2.3,15.74,52.0,28.9,33.2,25.4,35.8,42.0,31.2,10.0,27.0,96,19.0
2018-08-25,12.87,37.61,6.09,13.03,19.14,4.41,4.48,0.32,22.4,2.36,16.16,38.0,29.0,32.9,25.3,35.7,40.1,30.2,11.6,29.2,136,20.0
2018-08-26,14.75,36.14,6.08,13.03,18.91,4.4,5.81,0.14,23.42,2.35,16.09,39.0,28.8,32.8,25.6,35.4,40.8,30.6,14.5,35.6,78,14.0
2018-08-27,17.03,45.57,6.12,13.13,19.23,4.42,4.98,0.26,35.14,2.4,16.45,42.0,29.1,32.5,25.8,35.8,39.2,32.1,8.7,21.2,315,31.0
2018-08-28,22.93,57.79,6.13,13.14,19.26,4.42,5.25,0.26,13.8,2.4,16.45,56.0,29.4,33.0,25.6,36.2,40.0,31.5,7.9,16.2,86,17.0
2018-08-29,17.69,38.15,6.07,12.85,18.89,4.4,4.56,0.29,13.97,2.4,16.45,45.0,29.1,32.6,26.6,36.0,39.7,32.6,9.7,19.8,122,15.0
2018-08-30,18.7,44.1,6.06,12.91,18.96,4.39,4.68,0.77,28.16,2.4,16.45,42.0,29.1,33.2,25.8,35.7,40.8,31.4,10.1,22.7,101,28.0
2018-08-31,19.85,59.91,6.11,13.03,19.14,4.47,4.74,0.67,29.03,2.4,16.45,58.0,29.6,33.8,26.5,36.7,42.5,33.0,13.8,30.2,114,16.0
2018-09-01,20.68,57.03,6.16,13.45,19.61,4.63,6.42,0.73,29.03,2.4,16.45,57.0,28.5,33.0,26.1,34.9,41.2,30.8,16.2,29.2,123,12.0
2018-09-02,16.27,45.85,6.03,12.73,18.54,4.36,6.62,0.68,25.15,2.34,16.05,51.0,26.8,28.5,25.5,32.8,34.4,30.7,10.0,32.0,129,10.0
2018-09-03,20.18,47.34,5.93,12.66,17.84,4.28,8.28,0.7,26.08,2.28,15.63,48.0,26.5,29.8,24.6,32.6,36.7,30.5,7.1,23.0,114,24.0
2018-09-04,19.44,39.03,6.11,12.99,19.11,4.41,6.37,0.64,30.0,2.4,16.45,42.0,27.5,31.5,24.0,33.8,37.9,29.6,7.7,25.2,147,19.0
2018-09-05,24.74,52.12,6.09,12.85,18.93,4.41,5.71,0.7,25.73,2.4,16.45,48.0,28.6,32.3,25.3,35.0,39.3,31.2,12.4,32.0,341,17.0
2018-09-06,19.64,51.91,6.0,12.7,18.69,4.33,5.9,0.7,39.87,2.36,16.19,51.0,29.5,33.2,26.4,36.5,40.0,33.0,6.6,25.2,237,19.0
2018-09-07,13.34,36.92,5.59,11.25,14.75,3.96,7.77,0.66,33.67,2.01,13.75,46.0,27.5,31.5,26.3,33.9,39.0,32.1,13.8,33.5,117,21.0
2018-09-08,8.0,18.6,5.95,12.34,18.09,4.27,8.63,0.73,28.6,2.3,15.8,40.0,28.1,32.0,24.6,34.3,39.4,30.3,6.6,22.0,111,20.0
2018-09-09,18.4,43.18,6.08,12.75,18.83,4.36,8.62,0.72,22.82,2.4,16.45,44.0,27.8,31.5,25.9,34.0,38.8,31.6,9.5,22.0,112,16.0
2018-09-10,15.58,27.21,6.09,12.63,18.71,4.41,6.49,0.68,28.59,2.4,16.45,39.0,27.8,31.7,25.2,34.3,39.1,30.9,7.5,16.9,100,26.0
2018-09-11,17.6,24.99,10.62,20.97,31.34,13.84,7.52,0.62,38.9,2.36,16.16,42.0,27.6,31.8,24.3,33.5,38.0,29.6,9.2,23.8,42,24.0
2018-09-12,16.85,39.41,14.07,27.2,41.28,20.94,8.52,0.71,35.14,2.4,16.45,46.0,27.5,31.4,24.2,33.3,38.1,29.7,9.1,32.0,101,19.0
2018-09-13,14.32,59.4,14.26,28.62,41.39,21.12,19.47,0.72,17.68,2.36,16.19,49.0,27.9,32.5,24.1,33.8,39.6,29.0,9.6,23.0,117,22.0
2018-09-14,17.41,53.47,16.15,24.38,40.57,22.99,5.72,0.69,23.7,2.4,16.45,64.0,27.2,31.7,23.1,32.3,38.0,26.3,18.6,38.9,83,27.0
2018-09-15,12.33,37.91,18.01,23.42,41.33,24.88,3.29,0.99,22.01,2.4,16.45,50.0,27.1,31.5,23.2,31.9,37.0,28.0,9.6,16.6,327,24.0
2018-09-16,15.04,28.41,18.1,23.83,41.98,25.05,3.53,0.99,22.23,2.4,16.45,50.0,26.4,31.0,22.4,30.2,35.4,26.2,10.7,24.1,314,24.0
2018-09-17,24.26,42.99,17.8,22.98,38.47,24.55,7.44,0.95,23.51,2.21,15.14,51.0,26.4,31.5,22.2,30.0,35.6,25.4,13.3,28.4,316,34.0
2018-09-18,31.84,67.43,18.34,23.5,26.07,22.03,4.07,0.85,21.47,2.31,16.02,66.0,26.7,32.2,21.4,30.1,36.2,23.7,10.5,22.3,315,26.0
2018-09-19,47.93,91.48,33.94,3.37,15.22,8.13,5.48,0.53,28.52,2.25,15.42,84.0,27.2,32.8,22.0,31.1,36.8,25.2,11.5,25.2,299,21.0
2018-09-20,61.21,111.52,13.48,14.66,0.0,8.03,5.19,0.84,26.3,2.4,16.45,109.0,27.8,32.8,22.2,32.6,38.6,25.5,6.8,16.9,51,28.0
2018-09-21,56.87,101.91,13.48,14.66,0.0,8.03,5.76,0.84,4.03,2.36,16.15,128.0,27.6,32.0,23.7,32.0,36.7,27.0,18.7,40.7,118,33.0
2018-09-22,46.795,56.08,13.48,14.66,0.0,8.03,11.56,0.47,3.17,2.05,14.06,59.0,23.9,26.6,21.5,27.6,30.1,23.7,18.1,49.0,64,16.0
2018-09-23,46.795,102.91,13.48,14.66,0.0,8.03,4.22,0.61,0.66,2.3,15.77,108.5,24.1,28.0,21.3,27.2,31.3,23.3,24.0,50.4,112,16.0
2018-09-24,46.795,23.27,13.48,14.66,0.0,8.03,5.07,0.48,7.72,2.29,15.67,108.5,22.8,24.5,21.0,26.2,28.5,23.4,12.6,41.0,39,16.0
2018-09-25,15.87,41.15,27.42,19.86,17.87,20.36,6.15,0.63,7.45,2.23,15.31,108.5,24.7,29.9,20.8,28.4,34.9,23.5,10.6,24.5,340,35.0
2018-09-26,30.64,55.74,26.35,21.98,37.7,17.35,3.05,0.47,8.79,1.91,13.13,47.0,25.2,30.6,20.2,29.1,35.2,23.1,10.4,23.4,305,24.0
2018-09-27,48.3,78.74,26.93,21.26,45.76,17.25,5.86,0.7,8.58,2.3,15.74,78.0,26.7,31.5,21.6,31.5,36.5,25.3,8.5,21.6,299,22.0
2018-09-28,59.94,93.7,26.46,22.4,43.08,17.3,22.63,0.86,10.54,2.12,14.56,131.0,26.2,31.2,21.1,31.1,36.6,24.6,7.3,19.4,95,29.0
2018-09-29,11.91,21.32,26.45,21.05,36.8,17.27,31.03,0.51,5.94,1.84,12.6,45.0,25.7,30.4,21.9,30.0,36.1,25.5,9.5,24.8,305,23.0
2018-09-30,16.83,22.9,26.76,20.85,47.61,17.26,37.47,0.96,6.81,2.4,16.45,108.5,25.2,31.0,20.6,28.5,34.8,23.4,12.1,25.9,303,17.0
2018-10-01,20.36,34.66,26.73,20.86,43.04,17.26,39.09,0.87,7.13,2.17,14.88,54.0,25.7,31.5,20.2,29.1,35.8,22.2,8.9,19.4,317,19.0
2018-10-02,19.9,36.1,26.82,20.78,39.41,17.26,45.34,0.95,7.78,1.99,13.65,42.0,25.6,32.1,20.6,29.5,36.4,24.1,9.3,16.2,316,29.0
2018-10-03,21.6,32.95,26.67,20.84,45.42,17.27,51.21,1.12,6.37,2.3,15.73,51.0,25.6,31.5,20.5,28.8,35.6,23.1,9.9,20.2,322,27.0
2018-10-04,22.52,41.72,26.72,20.82,41.24,17.26,43.76,0.96,6.63,2.08,14.27,66.0,24.7,31.1,19.0,27.5,34.8,21.4,9.7,19.8,354,17.0
2018-10-05,31.74,53.7,26.58,20.84,47.44,17.25,26.7,0.99,7.28,2.4,16.45,55.0,24.6,31.3,19.0,27.2,34.9,20.8,9.7,19.1,303,13.0
2018-10-06,46.57,91.43,27.77,21.75,44.3,17.45,8.09,0.92,15.26,2.21,15.13,83.0,23.8,30.9,18.6,25.3,33.2,20.0,17.0,36.7,302,19.0
2018-10-07,56.5,111.52,26.97,27.1,41.1,21.34,7.06,0.8,11.23,2.11,14.47,109.0,23.8,30.5,17.5,25.9,33.0,18.4,9.3,18.0,300,16.0
2018-10-08,68.39,135.83,26.57,23.31,44.55,17.34,8.65,1.05,16.58,2.23,15.26,124.0,24.3,31.0,18.5,27.0,34.1,20.4,9.7,14.8,123,25.0
2018-10-09,65.09,142.76,25.12,18.96,28.24,18.0,11.82,0.89,15.25,2.34,16.42,134.0,24.0,31.0,18.9,25.9,33.4,20.3,13.0,27.7,99,23.0
2018-10-10,79.1,125.68,13.44,11.05,24.34,20.96,13.54,1.64,13.62,2.37,16.23,166.0,22.3,28.5,18.4,24.9,32.8,20.7,17.7,50.0,105,22.0
2018-10-11,47.45,78.27,13.03,11.65,23.49,21.01,10.86,0.83,12.39,2.49,16.34,121.0,22.2,27.6,18.0,24.0,30.4,17.3,21.1,47.9,110,26.0
2018-10-12,56.22,78.51,13.24,11.0,24.23,20.98,10.88,0.69,16.96,2.44,21.29,108.0,22.4,28.5,16.9,24.3,31.2,18.3,9.2,17.6,316,22.0
2018-10-13,45.48,61.74,13.54,11.09,24.31,21.01,8.74,0.62,7.52,3.37,16.56,70.0,22.2,29.1,17.0,22.9,30.0,17.7,10.5,22.3,304,31.0
2018-10-14,60.15,88.12,13.52,11.11,24.28,21.02,8.43,0.87,7.34,3.71,16.45,96.0,22.2,29.3,15.5,22.7,30.0,15.7,11.5,25.2,328,14.0
2018-10-15,53.01,86.32,13.28,11.01,23.69,21.0,7.88,0.71,7.34,3.96,16.1,92.0,23.1,29.7,16.2,24.6,31.0,16.8,8.0,19.8,12,35.0
2018-10-16,72.69,112.01,13.4,11.14,24.18,21.01,12.62,1.13,7.34,5.3,16.45,143.0,22.7,30.9,15.4,24.1,32.8,15.5,10.1,17.3,106,32.0
2018-10-17,69.25,113.13,13.26,10.93,24.19,21.03,18.86,1.32,7.34,5.04,16.45,126.0,23.0,30.2,17.1,24.6,32.5,17.6,10.4,20.5,94,27.0
2018-10-18,88.1,136.01,14.46,11.16,24.91,21.0,14.51,1.11,7.69,5.81,16.45,196.0,22.5,29.6,16.5,24.0,32.4,17.2,9.1,23.0,345,24.0
2018-10-19,58.39,80.2,13.13,11.35,23.81,30.47,7.55,0.82,20.01,4.26,16.25,114.0,22.5,30.0,16.6,23.0,30.7,16.6,10.8,18.7,334,20.0
2018-10-20,66.97,93.24,13.22,10.99,24.19,41.97,8.72,0.86,19.27,4.14,16.45,145.0,21.9,29.5,15.6,22.2,30.1,14.6,9.7,15.8,313,21.0
2018-10-21,59.19,77.54,13.1,11.0,24.52,42.17,8.22,0.48,17.12,4.04,16.45,100.0,21.4,29.2,15.1,21.1,28.8,14.3,10.5,22.7,298,20.0
2018-10-22,82.12,116.17,13.19,10.94,24.13,42.0,9.9,0.72,23.86,4.23,16.45,166.0,21.4,28.7,14.7,21.2,28.3,13.6,10.2,23.0,309,35.0
2018-10-23,66.13,99.02,13.81,10.66,23.06,41.91,17.42,1.25,16.02,5.22,15.68,147.0,21.4,29.4,16.0,21.0,29.5,14.5,11.4,24.1,36,21.0
2018-10-24,74.42,98.78,13.63,10.72,23.92,42.06,14.93,1.32,16.36,6.05,16.25,138.0,20.8,28.9,13.4,20.8,29.3,13.5,11.5,17.3,13,22.0
2018-10-25,66.65,87.29,14.47,10.9,24.32,41.9,7.27,1.33,23.85,9.56,12.84,126.0,21.6,28.8,15.9,22.1,29.1,16.2,10.2,16.9,323,27.0
2018-10-26,44.23,105.54,15.74,11.2,13.91,41.93,13.02,0.56,12.84,13.63,3.06,148.0,21.9,28.7,15.6,22.2,28.8,15.9,17.5,32.4,309,25.0
2018-10-27,64.5,130.0,7.45,11.65,16.3,41.81,10.41,0.7,11.7,6.94,3.9,108.5,21.9,28.6,17.0,22.6,29.3,17.2,10.0,19.4,321,20.0
2018-10-28,78.91,120.39,6.59,11.5,17.05,41.97,8.39,0.83,14.87,9.41,4.84,158.0,21.7,29.0,14.9,22.5,29.6,15.3,11.3,23.4,321,19.0
2018-10-29,78.5,127.9,7.17,11.39,17.14,41.94,9.65,0.88,11.98,7.63,4.71,195.0,21.6,29.0,14.7,22.8,30.2,15.5,10.8,22.0,328,34.0
2018-10-30,80.51,124.54,6.49,10.94,17.31,41.88,8.56,0.9,21.83,7.76,5.74,183.0,22.7,29.0,16.9,24.3,30.7,18.4,7.6,14.4,38,24.0
2018-10-31,61.19,108.75,6.64,11.65,17.55,42.06,11.18,0.87,22.36,11.49,7.32,112.0,21.7,28.6,15.4,23.3,30.0,15.9,9.5,19.1,351,22.0
2018-11-01,76.76,127.39,6.42,10.98,17.32,41.86,11.35,1.17,18.22,10.53,6.14,135.0,21.9,28.5,16.1,23.6,29.7,17.4,9.3,19.1,124,16.0
2018-11-02,44.19,87.5,6.46,11.03,17.34,41.87,16.8,0.59,21.99,6.32,4.71,114.0,21.6,26.7,16.4,21.8,26.8,17.5,17.3,34.9,83,30.0
2018-11-03,19.87,51.61,10.82,10.18,7.65,38.83,15.09,0.64,18.06,10.04,3.35,52.0,21.1,25.8,16.0,19.9,23.7,16.4,24.7,49.3,106,26.0
2018-11-04,51.62,103.76,13.13,16.67,20.96,43.58,11.13,0.48,15.16,12.05,3.49,102.0,18.6,24.1,14.8,18.8,24.6,14.3,8.3,14.8,31,12.0
2018-11-05,51.27,73.3,13.18,10.93,19.85,41.85,7.61,0.48,22.46,5.36,2.11,91.0,18.7,25.2,13.9,18.4,25.1,13.8,10.7,26.3,307,21.0
2018-11-06,64.33,95.07,13.26,10.89,24.13,41.84,7.34,0.53,22.92,5.31,2.73,126.0,17.9,25.2,12.8,16.6,23.6,11.8,13.8,28.8,305,16.0
2018-11-07,74.78,141.3,18.98,16.95,34.51,41.85,13.01,0.31,21.94,7.28,3.22,137.0,17.1,25.4,10.1,15.5,23.1,8.5,10.2,23.4,311,14.0
2018-11-08,91.49,287.06,28.11,24.22,49.86,41.89,21.94,0.0,13.36,9.46,6.65,108.5,17.2,25.5,9.9,16.4,25.4,8.5,10.4,15.5,79,18.0
2018-11-09,46.03,211.87,14.34,10.84,24.7,41.85,10.82,0.0,10.93,6.75,6.35,165.0,18.6,25.5,13.8,18.5,25.0,13.6,9.2,21.2,306,24.0
2018-11-10,45.74,154.5,14.63,11.08,24.47,41.79,11.8,0.0,13.89,6.61,6.29,108.5,19.1,26.0,14.1,19.3,26.3,13.9,9.4,13.7,13,20.0
2018-11-11,46.88,128.57,14.53,11.13,24.2,41.99,11.25,0.0,11.69,5.27,5.3,108.5,19.1,25.8,14.1,19.2,25.5,14.0,9.5,19.1,315,17.0
2018-11-12,45.68,129.0,15.38,10.9,24.62,41.3,12.01,0.0,15.04,4.76,5.28,120.0,18.3,26.5,12.2,18.5,26.4,11.9,13.0,25.6,321,30.0
2018-11-13,39.46,128.59,15.17,11.03,21.64,42.0,7.72,0.0,10.07,4.51,5.21,126.0,18.3,25.0,13.1,18.4,25.6,11.9,10.7,18.7,348,33.0
2018-11-14,47.84,109.86,14.25,10.88,24.34,41.86,7.72,0.0,10.93,3.93,4.01,108.5,18.5,26.4,13.3,18.2,26.0,11.6,15.8,34.6,107,14.0
2018-11-15,40.81,40.42,14.11,10.8,24.46,41.75,7.72,0.0,15.92,2.39,1.56,108.5,17.6,24.6,12.4,17.3,23.5,12.3,11.0,25.2,333,19.0
2018-11-16,28.62,51.44,13.87,14.24,23.43,43.25,7.72,0.0,14.34,3.04,1.82,47.0,16.5,23.6,11.4,15.1,21.5,10.1,13.0,28.4,309,24.0
2018-11-17,35.97,102.75,14.1,10.82,22.59,42.07,7.72,0.0,22.92,2.86,2.3,108.5,16.6,24.0,10.9,15.7,22.6,9.8,9.0,22.3,313,10.0
2018-11-18,56.47,141.94,15.12,10.95,25.12,41.97,7.72,0.0,15.51,4.98,5.45,119.0,17.6,25.5,10.7,17.4,25.9,10.1,9.0,13.0,99,16.0
2018-11-19,52.64,131.69,14.21,10.86,24.68,41.97,7.72,0.68,12.8,4.19,4.65,112.0,19.0,26.2,13.9,18.9,26.3,13.1,9.4,22.7,106,27.0
2018-11-20,47.06,104.2,14.74,10.89,25.46,42.0,7.72,0.68,16.19,3.97,4.04,117.0,18.7,26.1,13.2,18.6,24.9,13.6,11.5,24.8,309,36.0
2018-11-21,39.12,95.71,14.22,10.88,25.11,41.96,3.67,0.68,14.58,3.07,3.69,92.0,17.1,25.3,11.2,16.1,23.7,10.0,11.1,23.8,308,31.0
2018-11-22,49.95,141.2,14.18,11.14,25.07,42.03,7.72,0.68,12.81,3.76,5.11,111.0,17.2,25.2,10.1,16.6,25.1,9.1,11.6,14.0,323,25.0
2018-11-23,41.74,103.93,14.89,11.0,24.63,41.99,7.72,0.0,15.57,3.02,3.81,121.0,16.8,24.4,10.6,15.3,22.1,9.6,15.0,31.0,307,11.0
2018-11-24,28.8,83.39,14.32,10.82,25.11,41.99,7.72,0.68,14.59,2.65,2.95,76.0,16.6,23.9,11.1,14.8,21.6,9.0,15.8,33.8,311,25.0
2018-11-25,70.29,162.12,13.57,14.13,22.52,42.57,7.72,0.0,7.6,6.48,7.23,106.0,16.5,24.5,8.5,16.0,24.0,7.1,8.1,14.0,139,29.0
2018-11-26,47.84,157.06,13.56,10.9,23.21,41.41,7.72,0.0,13.23,8.19,9.21,158.0,16.6,25.0,10.1,16.1,24.0,8.7,10.0,24.1,320,36.0
2018-11-27,48.4,179.31,14.28,10.8,25.08,42.0,7.72,0.68,9.93,4.99,8.12,139.0,17.1,24.5,11.4,17.2,24.4,10.8,7.9,16.6,124,21.0
2018-11-28,49.32,157.0,14.19,11.33,24.77,42.02,7.72,0.0,11.54,4.4,6.81,143.0,18.6,25.1,12.8,19.1,26.2,12.4,9.0,15.8,105,33.0
2018-11-29,39.7,115.22,14.01,10.69,24.68,41.61,5.74,0.68,15.12,5.23,5.07,121.0,17.0,24.2,11.6,16.7,23.6,11.1,10.1,24.5,302,35.0
2018-11-30,40.0,104.13,14.17,10.85,25.01,41.98,7.72,0.68,14.62,3.64,3.85,101.0,16.1,23.6,10.9,14.9,21.7,9.8,11.3,24.5,309,29.0
2018-12-01,35.5,105.64,13.76,10.85,23.36,41.67,6.6,0.0,13.24,3.76,3.79,93.0,16.3,23.6,10.0,15.1,21.7,8.1,9.0,19.8,286,29.0
2018-12-02,48.67,150.19,14.2,10.83,25.03,42.0,7.72,0.68,12.75,5.55,6.29,132.0,15.2,22.9,8.2,14.3,22.6,6.5,7.7,15.8,101,20.0
2018-12-03,36.03,102.92,14.17,10.79,24.96,41.94,8.07,0.68,15.08,3.64,3.84,104.0,15.6,22.8,10.4,14.8,21.7,9.3,9.5,20.2,307,30.0
2018-12-04,43.17,120.3,14.25,10.93,25.06,41.97,7.72,0.68,14.14,3.63,4.34,108.5,15.6,22.2,10.8,15.2,21.5,10.5,10.0,18.4,331,23.0
2018-12-05,40.82,116.02,14.21,10.8,24.99,42.01,7.72,0.68,14.64,3.53,4.5,108.5,15.1,21.5,10.6,14.8,21.1,10.6,9.7,19.4,333,39.0
2018-12-06,51.66,140.56,14.23,10.84,25.07,41.97,4.19,0.68,16.41,3.93,4.98,114.0,14.1,21.9,8.2,13.3,21.0,6.6,13.9,30.2,345,27.0
2018-12-07,43.39,127.01,14.24,10.75,25.0,42.0,7.72,0.68,13.2,3.36,5.22,133.0,13.9,21.5,8.6,12.8,20.3,6.8,10.0,20.5,310,29.0
2018-12-08,36.48,109.57,14.24,10.76,25.0,42.0,7.72,0.68,12.95,3.03,4.16,103.0,14.1,21.5,7.7,13.0,20.2,5.6,9.9,18.4,305,21.0
2018-12-09,42.21,116.54,14.2,10.8,24.99,42.0,7.72,0.68,12.03,3.98,4.78,109.0,14.1,20.9,8.4,13.2,20.0,7.0,9.9,18.0,308,18.0
2018-12-10,46.81,145.41,14.19,10.79,24.71,41.95,7.72,0.0,10.43,5.21,5.84,134.0,13.6,21.0,7.9,12.5,20.2,6.1,11.0,20.9,86,30.0
2018-12-11,34.68,107.99,14.14,10.94,25.08,42.07,7.72,0.68,8.63,3.66,4.32,85.0,14.4,20.9,9.6,13.6,20.4,8.8,10.1,17.6,60,29.0
2018-12-12,29.49,71.81,14.19,10.79,24.98,41.99,7.72,0.68,9.91,3.43,3.54,97.0,12.6,16.7,9.3,11.4,14.9,7.5,15.3,31.7,105,23.0
2018-12-13,25.41,57.57,14.19,10.79,24.98,41.99,7.72,0.68,11.59,3.55,3.11,63.0,12.0,18.0,7.4,10.9,17.0,5.9,9.4,15.5,318,19.0
2018-12-14,22.22,45.65,14.17,10.82,24.98,41.98,8.19,0.68,12.57,2.12,1.85,43.0,12.3,19.4,6.3,10.5,17.3,4.4,12.1,25.2,309,22.0
2018-12-15,22.94,62.48,14.18,10.81,24.99,41.98,7.72,0.68,12.99,2.38,2.31,54.0,12.2,19.6,7.2,10.4,17.5,5.0,11.1,22.7,305,30.0
2018-12-16,26.09,69.58,14.3,11.11,25.38,41.96,7.72,0.68,12.65,2.33,2.54,71.0,11.9,19.5,6.3,9.9,17.0,4.2,10.3,22.7,303,18.0
2018-12-17,35.75,91.53,14.16,10.88,23.46,41.92,7.72,0.0,10.93,2.48,2.57,73.0,11.5,19.4,6.2,9.5,17.1,3.8,10.7,24.5,303,33.0
2018-12-18,16.6,122.37,14.24,10.96,25.2,42.0,4.21,0.01,13.66,2.64,3.27,107.0,11.2,19.6,5.4,9.1,17.2,3.0,11.2,25.2,301,25.0
2018-12-19,38.67,130.45,14.21,10.98,25.19,42.01,4.31,0.01,13.0,3.41,4.01,121.0,11.5,20.2,4.9,9.7,18.8,2.5,10.1,17.6,289,28.0
2018-12-20,55.63,146.72,14.0,11.87,23.85,42.26,7.72,0.0,10.52,4.02,4.33,133.0,11.7,18.8,7.3,10.2,16.8,5.3,8.4,20.5,300,33.0
2018-12-21,56.93,139.85,14.23,10.97,25.2,42.0,7.72,0.01,13.83,1.82,2.95,124.0,10.7,18.8,5.4,8.7,16.9,3.0,11.0,20.9,302,21.0
2018-12-22,74.1,218.76,14.25,10.96,25.2,42.01,7.72,0.0,4.63,3.55,5.01,138.0,10.8,18.6,4.3,9.1,17.3,1.4,10.0,14.0,284,16.0
2018-12-23,99.65,262.03,14.36,10.98,25.33,41.93,7.72,0.0,4.83,4.74,7.84,248.0,10.3,18.6,3.8,8.3,16.9,0.9,9.5,21.6,98,16.0
2018-12-24,61.16,135.52,14.24,11.02,25.2,42.02,7.72,0.0,7.76,2.32,3.7,162.0,9.9,17.5,3.9,7.8,15.4,1.2,9.7,20.9,300,23.0
2018-12-25,59.79,146.65,14.13,10.96,25.1,41.93,7.72,0.0,6.72,1.78,3.75,122.0,9.7,17.8,4.4,7.2,14.8,1.9,11.5,25.2,303,27.0
2018-12-26,66.64,164.62,13.98,12.3,24.07,42.25,7.72,0.0,8.32,2.83,4.07,108.5,10.3,17.5,2.5,8.2,15.3,-0.7,10.8,15.1,298,25.0
2018-12-27,79.88,236.26,13.88,11.46,23.62,42.03,7.72,0.0,10.89,5.41,7.38,195.0,10.2,17.5,4.8,8.1,14.7,2.9,13.0,27.4,328,19.0
2018-12-28,60.85,137.33,14.23,10.97,25.2,42.0,7.72,0.0,8.33,1.56,3.11,149.0,9.6,16.5,4.3,7.1,13.3,1.8,11.6,25.6,307,24.0
2018-12-29,65.27,152.27,14.24,10.97,25.21,41.99,7.72,0.0,8.63,2.16,4.0,135.0,9.8,17.7,2.1,7.4,15.0,-1.3,10.8,25.2,309,27.0
2018-12-30,75.66,204.34,14.23,10.96,25.19,42.0,7.72,0.0,7.0,4.05,5.8,153.0,11.0,18.4,3.4,9.5,17.0,0.8,8.7,14.0,88,19.0
2018-12-31,76.94,192.34,14.25,10.96,25.21,41.99,7.72,0.0,12.42,2.93,4.95,176.0,11.0,18.6,4.1,9.1,16.0,1.3,12.5,27.0,302,29.0
2019-01-01,76.45,209.65,14.19,11.07,24.91,41.14,5.82,0.01,7.51,2.56,3.47,150.0,10.6,17.5,4.3,9.1,16.5,1.6,9.0,15.1,302,23.0
2019-01-02,81.59,232.39,14.17,10.99,24.89,42.0,7.58,0.0,6.23,2.41,4.78,219.0,12.1,19.0,6.8,10.8,18.6,4.7,10.0,23.4,71,31.0
2019-01-03,63.55,153.77,14.24,10.97,25.2,42.0,7.58,0.0,4.6,1.85,3.63,141.0,11.3,18.7,6.4,9.4,16.2,4.5,12.6,27.0,302,38.0
2019-01-04,11.65,161.56,13.64,11.45,21.48,40.94,7.58,0.0,10.69,1.35,2.58,108.5,10.3,17.5,4.7,8.4,15.6,2.2,10.7,21.6,299,28.0
2019-01-05,55.41,194.67,14.2,10.97,25.16,42.01,7.58,0.0,5.23,2.12,3.84,169.0,11.2,18.1,6.3,9.5,16.0,4.2,12.6,25.9,71,32.0
2019-01-06,29.23,69.62,14.27,11.04,25.0,42.1,7.58,0.0,5.63,2.58,2.24,82.0,11.3,16.5,7.4,9.9,15.5,5.7,10.9,27.7,49,25.0
2019-01-07,23.57,67.28,14.24,11.49,25.49,42.11,7.58,0.0,7.32,2.18,1.93,67.0,10.4,17.8,5.3,8.5,16.0,2.9,9.7,19.8,307,27.0
2019-01-08,32.32,101.63,14.29,11.56,25.85,41.98,7.58,0.0,9.39,2.04,2.03,91.0,11.4,17.5,7.1,9.4,14.8,4.8,14.4,29.9,295,35.0
2019-01-09,31.85,112.81,14.36,11.16,25.27,41.97,7.58,0.0,10.17,1.8,2.19,109.0,10.5,17.8,5.6,8.2,15.3,3.1,12.4,27.7,297,28.0
2019-01-10,39.07,140.21,14.3,10.95,25.23,41.99,7.58,0.0,7.91,2.56,2.8,115.0,10.3,17.5,4.2,8.1,15.4,1.5,10.8,15.8,301,27.0
2019-01-11,65.19,251.44,14.17,10.98,25.13,42.03,7.58,0.0,5.24,3.96,5.13,191.0,11.6,18.4,6.6,10.0,17.2,4.6,9.4,17.6,56,15.0
2019-01-12,55.51,206.31,14.24,10.95,25.19,42.01,7.58,0.0,5.2,3.45,4.07,192.0,11.8,18.8,4.5,10.6,18.4,2.2,10.3,19.8,61,7.0
2019-01-13,26.57,65.83,14.22,10.96,25.18,42.0,7.58,0.0,5.24,2.13,1.72,82.0,12.1,18.1,7.3,10.4,16.2,5.1,12.0,23.0,345,18.0
2019-01-14,23.08,71.65,14.21,10.98,25.19,41.99,7.58,0.0,5.24,1.73,1.65,74.0,9.5,16.1,4.6,6.8,13.2,1.4,12.9,26.6,301,32.0
2019-01-15,30.3,103.71,12.15,8.58,19.95,32.89,7.58,0.0,8.37,1.49,2.02,88.0,9.1,16.5,3.8,6.5,13.7,1.0,10.7,23.0,296,34.0
2019-01-16,71.09,169.03,7.48,9.87,14.6,12.79,7.58,0.0,10.54,3.29,3.8,126.0,10.4,17.2,3.5,8.7,16.0,1.3,9.7,17.3,239,28.0
2019-01-17,78.51,128.62,7.21,14.23,18.92,15.61,7.58,0.0,17.27,2.99,3.65,214.0,10.1,18.0,4.1,8.4,16.6,1.5,9.2,19.8,301,28.0
2019-01-18,54.37,100.71,12.73,13.59,26.17,19.53,7.58,0.0,20.01,2.0,2.45,112.0,10.9,18.8,4.6,9.0,16.9,1.9,11.6,22.3,302,31.0
2019-01-19,54.04,117.48,15.74,14.79,27.79,19.31,7.58,0.0,16.39,2.07,2.74,116.0,12.7,20.5,7.7,11.3,18.7,6.1,10.3,22.3,294,28.0
2019-01-20,99.35,196.74,13.68,15.02,27.48,19.3,7.58,0.0,7.68,4.04,5.64,172.0,13.4,19.9,8.6,12.8,19.4,7.5,9.0,20.5,327,15.0
2019-01-21,21.51,73.73,12.56,14.42,26.8,19.38,7.58,0.0,7.88,2.51,2.93,97.0,12.1,15.2,9.4,11.3,16.1,8.0,21.5,41.4,81,23.0
2019-01-22,26.92,25.67,14.89,24.43,34.14,20.53,7.58,0.0,12.06,2.2,1.63,61.0,12.2,15.2,9.1,11.0,14.4,7.9,15.1,31.3,148,20.0
2019-01-23,15.94,41.18,14.81,19.16,31.9,20.01,7.58,0.0,14.58,2.33,2.06,33.0,11.1,16.6,6.6,9.9,15.5,4.7,12.0,23.0,117,33.0
2019-01-24,18.69,50.68,13.29,14.61,27.24,19.51,7.58,0.0,16.44,2.37,2.11,52.0,10.1,16.5,6.1,8.8,16.0,4.5,9.3,17.3,301,30.0
2019-01-25,25.04,50.81,13.78,14.16,27.72,19.66,7.58,0.0,20.63,1.91,1.86,49.0,9.1,15.4,5.1,7.2,14.0,2.4,10.0,13.7,298,44.0
2019-01-26,14.05,63.08,13.5,14.19,27.42,19.54,7.58,0.0,18.85,2.05,1.58,49.0,8.8,15.5,3.4,6.2,13.1,0.2,10.6,22.7,306,28.0
2019-01-27,21.3,98.75,13.48,13.76,27.02,19.71,7.58,0.0,16.37,1.62,1.66,93.0,8.7,15.4,4.2,6.1,12.8,1.3,11.5,24.8,300,22.0
2019-01-28,22.6,37.09,13.38,13.77,26.95,19.52,7.58,0.0,16.37,1.76,1.61,60.0,8.7,16.3,2.6,6.0,13.5,-0.9,13.5,26.6,304,34.0
2019-01-29,3.94,81.9,13.36,13.38,26.62,19.28,5.98,0.0,20.76,1.8,1.9,108.5,9.1,16.4,3.5,6.5,14.0,0.4,10.3,24.1,302,36.0
2019-01-30,36.09,127.45,12.84,13.93,26.57,19.13,2.85,0.0,16.02,1.85,2.57,124.0,10.1,14.7,6.0,8.0,13.2,3.4,13.1,23.8,316,30.0
2019-01-31,48.87,139.89,13.24,14.06,26.62,19.16,4.29,0.0,11.96,2.14,3.21,117.0,10.4,15.5,5.9,8.8,13.6,3.7,12.4,43.6,115,40.0
2019-02-01,44.12,126.65,24.81,20.25,40.13,19.75,4.06,0.0,6.02,4.29,3.46,116.0,11.6,16.4,7.8,10.3,14.8,5.8,12.6,28.8,91,24.0
2019-02-02,17.3,54.86,47.78,33.21,79.83,3.93,7.15,0.0,5.08,2.68,1.98,79.0,11.5,18.6,5.8,10.2,17.9,3.4,9.8,19.4,296,26.0
2019-02-03,32.42,95.43,52.9,39.35,92.24,14.16,7.97,0.0,4.55,2.37,2.47,79.0,12.4,20.3,6.8,11.2,19.7,5.0,9.9,20.9,296,11.0
2019-02-04,32.47,87.59,58.74,43.55,102.1,8.71,7.85,0.0,4.49,2.79,2.37,78.0,12.8,20.4,6.8,11.6,19.6,4.7,9.9,18.4,296,45.0
2019-02-05,68.58,198.27,90.96,81.25,171.02,3.96,14.08,0.0,18.99,3.54,4.43,155.0,14.0,19.8,8.8,13.5,19.2,7.4,9.1,17.6,123,39.0
2019-02-06,64.98,152.34,70.99,80.72,151.7,63.03,13.31,0.0,18.99,2.19,5.3,134.0,14.7,19.6,10.9,13.9,18.5,9.3,20.0,38.9,124,32.0
2019-02-07,28.67,32.98,95.96,98.07,125.4,109.67,8.13,0.0,18.99,1.9,1.79,108.5,13.3,16.2,9.9,11.5,14.7,9.0,29.7,59.0,142,30.0
2019-02-08,15.94,39.14,17.28,19.98,29.84,69.01,6.71,0.0,31.87,1.22,0.95,40.0,11.2,17.0,6.4,9.5,15.9,4.1,14.4,25.9,271,26.0
2019-02-09,25.02,59.28,20.08,37.02,57.08,66.47,8.01,0.0,24.61,2.54,1.47,55.0,10.7,17.5,5.9,8.8,16.0,3.5,11.6,25.2,304,21.0
2019-02-10,28.69,254.34,30.3,46.13,76.4,58.59,7.86,0.0,23.76,2.56,1.96,108.5,11.0,17.9,5.1,9.3,16.5,2.6,9.8,23.0,300,14.0
2019-02-11,26.95,547.87,24.16,42.01,66.12,60.38,7.37,0.0,25.38,3.18,2.05,395.0,12.6,18.9,8.1,11.2,17.6,6.4,9.4,22.3,302,33.0
2019-02-12,37.66,76.71,19.64,31.31,51.14,56.99,7.1,0.0,25.89,2.95,2.1,79.0,13.6,19.5,8.8,12.9,19.7,6.8,9.3,17.6,295,20.0
2019-02-13,45.38,96.68,28.34,31.82,60.13,56.86,7.05,0.0,18.99,3.59,3.02,89.0,14.2,20.8,9.1,14.1,21.2,8.1,8.2,16.9,248,33.0
2019-02-14,43.28,91.43,38.02,19.93,57.95,63.97,8.42,0.0,12.66,3.01,3.39,90.0,14.4,20.2,9.6,14.0,18.9,8.3,19.1,53.3,132,35.0
2019-02-15,32.05,21.4,29.87,16.64,45.82,66.36,8.44,0.0,14.74,5.52,2.37,108.5,15.1,19.5,11.0,15.0,19.5,10.8,11.2,23.0,120,29.0
2019-02-16,33.47,42.46,20.52,8.62,28.6,69.3,6.94,0.0,17.4,2.61,1.39,48.0,14.0,19.0,11.1,13.8,18.6,10.7,10.5,22.0,305,22.0
2019-02-17,24.09,53.13,3.36,3.73,7.04,73.63,7.27,0.0,22.5,2.57,1.8,62.0,12.7,17.9,9.2,11.3,16.1,7.7,11.8,24.1,301,21.0
2019-02-18,55.6,80.89,3.11,3.79,6.9,73.67,7.53,0.0,10.62,3.49,3.14,94.0,13.0,17.7,9.2,12.1,16.6,8.1,12.7,26.6,69,31.0
2019-02-19,26.5,68.91,3.16,3.73,6.81,73.65,8.72,0.0,19.89,3.28,2.3,58.0,14.2,19.8,9.3,13.7,19.8,8.1,9.6,20.9,68,27.0
2019-02-20,46.96,89.61,3.33,3.72,6.98,73.65,10.81,0.0,11.48,3.78,3.37,99.0,15.6,20.5,10.9,14.7,19.8,10.0,17.9,33.1,135,30.0
2019-02-21,42.97,40.64,3.66,3.79,7.16,73.69,8.24,0.0,15.17,2.61,2.02,73.0,16.9,21.4,13.8,16.1,22.2,11.5,24.8,48.2,127,40.0
2019-02-22,14.33,46.03,3.34,3.57,6.83,73.68,6.99,0.0,27.02,1.63,1.06,44.0,14.9,19.5,11.1,14.0,18.9,9.0,14.0,29.2,297,38.0
2019-02-23,36.95,67.92,3.45,3.58,6.81,73.7,6.29,0.0,27.75,2.17,1.24,64.0,12.9,19.4,8.1,11.2,17.9,6.1,15.1,31.7,297,20.0
2019-02-24,37.69,83.54,3.42,3.44,6.71,73.77,6.72,0.0,28.78,2.73,1.61,82.0,13.1,19.8,7.8,11.7,19.0,5.9,10.6,21.2,295,23.0
2019-02-25,98.16,152.35,3.21,3.59,6.74,73.61,10.2,0.0,21.23,3.86,2.88,146.0,13.2,20.5,6.6,12.0,20.5,4.1,10.6,16.2,109,34.0
2019-02-26,96.41,97.74,3.22,3.3,6.41,73.73,9.31,0.0,29.31,2.13,1.95,208.0,12.4,17.1,9.1,10.9,15.9,7.8,14.1,45.7,67,26.0
2019-02-27,39.14,53.85,3.03,3.36,6.3,73.74,6.95,0.0,32.8,2.17,0.97,89.0,11.4,15.8,8.3,10.2,15.6,7.1,9.5,28.1,109,26.0
2019-02-28,45.54,92.68,12.11,7.65,16.17,75.62,7.02,0.0,23.14,2.78,1.78,88.0,11.4,17.6,5.7,9.9,16.1,3.8,12.2,27.4,299,29.0
2019-03-01,54.19,78.14,3.76,3.79,7.06,73.64,6.84,0.0,28.07,2.33,1.36,113.0,13.2,19.5,6.3,11.6,18.8,4.1,10.9,23.0,332,21.0
2019-03-02,36.9,95.0,18.4,8.24,21.16,75.09,9.98,0.0,15.05,2.89,2.05,88.0,13.7,16.7,12.0,13.0,16.8,9.8,11.3,19.4,69,28.0
2019-03-03,43.85,45.6,13.7,2.48,10.82,76.77,10.89,0.0,5.36,2.38,1.3,99.0,14.6,20.1,10.6,14.4,21.4,9.7,9.2,21.2,27,22.0
2019-03-04,114.93,47.41,11.22,2.25,7.38,77.93,10.44,0.0,5.19,1.72,1.08,166.0,14.5,20.6,10.1,14.1,21.1,8.7,10.5,24.5,302,29.0
2019-03-05,50.56,47.86,9.02,2.31,5.64,78.28,12.67,0.0,5.92,1.52,1.1,135.0,14.5,20.2,9.6,13.8,20.4,8.2,9.4,23.0,293,33.0
2019-03-06,79.24,122.04,14.4,3.78,8.73,79.33,15.85,0.0,5.74,1.99,1.41,143.0,14.6,21.5,8.9,13.5,21.1,7.1,12.3,27.4,298,22.0
2019-03-07,77.55,148.65,17.2,9.83,20.05,73.68,14.17,0.0,8.66,2.12,1.72,176.0,15.2,22.1,8.4,14.3,22.0,6.3,12.6,19.8,325,27.0
2019-03-08,61.96,154.72,28.11,17.25,39.0,46.92,9.91,0.0,5.8,2.98,1.7,133.0,14.3,20.6,9.7,13.2,20.4,7.5,11.7,24.5,325,18.0
2019-03-09,38.17,133.92,15.43,12.1,27.36,45.7,9.32,0.0,5.53,2.79,1.33,128.0,14.8,22.0,9.2,13.9,21.8,7.5,12.3,25.9,299,17.0
2019-03-10,51.99,151.81,14.48,14.93,29.18,41.51,10.22,0.0,5.72,2.1,1.55,132.0,15.4,23.0,8.3,14.4,23.2,6.3,10.3,22.7,307,17.0
2019-03-11,69.19,228.85,21.24,20.42,41.66,37.62,11.61,0.0,5.15,2.56,2.77,167.0,15.0,19.9,10.6,13.9,18.9,9.1,17.8,37.1,125,26.0
2019-03-12,41.36,162.76,19.11,14.07,31.98,41.77,11.69,0.0,7.06,2.77,2.21,170.0,15.2,22.8,8.7,14.6,23.9,7.2,11.5,22.7,331,33.0
2019-03-13,64.04,135.38,17.99,13.94,31.62,49.2,13.98,0.0,5.41,2.9,2.04,120.0,14.6,20.3,9.4,14.1,20.2,8.0,8.9,16.2,337,20.0
2019-03-14,35.5,59.7,21.04,13.59,33.97,49.5,11.43,0.0,5.5,2.91,1.72,73.0,15.2,22.0,9.8,14.6,22.7,8.0,9.9,22.0,5,20.0
2019-03-15,29.99,52.86,21.97,10.18,30.99,50.51,11.57,0.0,9.41,3.06,1.47,58.0,15.5,22.5,9.1,14.8,22.8,8.2,12.0,25.9,305,26.0
2019-03-16,36.93,64.82,24.49,10.75,34.9,51.82,12.13,0.0,6.87,2.75,1.13,57.0,16.0,23.0,9.6,15.1,22.7,8.0,11.8,27.4,297,21.0
2019-03-17,34.66,64.6,24.35,13.53,37.79,45.3,10.31,0.0,6.19,2.21,1.32,68.0,18.1,24.4,12.6,17.4,24.5,11.0,10.4,24.8,291,26.0
2019-03-18,35.88,67.49,24.09,14.02,38.09,41.79,9.83,0.0,5.86,2.06,1.4,68.0,18.7,25.5,11.9,18.7,26.7,11.6,9.9,20.9,296,32.0
2019-03-19,41.58,77.94,26.53,12.4,38.16,47.05,12.08,0.0,12.78,2.96,1.72,71.0,19.5,26.4,12.9,19.7,28.2,12.0,12.7,22.0,23,38.0
2019-03-20,72.22,64.59,28.05,6.93,33.3,42.16,12.65,0.0,31.74,2.52,1.5,89.0,19.5,26.4,15.1,18.9,27.4,12.7,16.6,48.6,82,17.0
2019-03-21,23.63,44.18,12.95,1.13,12.63,21.53,8.89,0.0,33.5,1.83,0.87,96.0,18.7,27.1,12.1,18.2,28.1,10.6,10.2,19.4,322,25.0
2019-03-22,27.32,51.39,12.64,1.31,12.63,21.48,9.14,0.0,37.51,1.7,0.96,48.0,18.2,26.0,11.6,16.7,24.7,10.0,15.9,33.1,310,24.0
2019-03-23,34.38,60.03,13.13,1.21,13.04,21.4,9.63,0.0,36.24,1.83,1.25,58.0,17.9,25.6,12.1,16.7,24.7,10.1,25.5,53.6,321,23.0
2019-03-24,32.61,55.01,12.78,1.19,12.5,21.66,9.19,0.0,26.07,1.75,1.25,54.0,18.0,25.4,12.5,17.6,25.6,11.7,17.1,33.5,308,20.0
2019-03-25,48.84,83.41,12.97,1.15,12.29,21.68,9.88,0.0,16.44,2.45,2.51,70.0,18.1,25.0,13.9,18.4,26.5,13.6,9.8,23.8,323,28.0
2019-03-26,50.7,83.65,13.06,1.18,12.3,21.65,10.11,0.0,25.65,3.24,2.96,96.0,19.8,27.5,12.2,20.2,28.5,11.7,13.8,28.8,335,19.0
2019-03-27,56.11,94.46,14.94,1.3,12.39,21.31,10.59,0.0,23.2,3.18,2.72,92.0,21.9,29.6,13.9,23.0,30.9,13.3,11.2,24.5,324,23.0
2019-03-28,28.69,73.86,27.43,9.46,32.22,43.84,9.62,0.0,40.74,3.79,1.13,108.5,23.8,30.6,18.0,25.4,32.1,18.9,11.1,25.6,332,41.0
2019-03-29,47.54,81.34,40.21,10.34,47.18,50.5,19.67,0.0,34.93,3.12,1.77,80.0,24.3,31.8,17.5,25.6,33.5,18.5,11.0,24.1,316,27.0
2019-03-30,52.13,88.82,65.08,10.78,66.81,66.04,37.93,0.0,36.24,3.22,2.29,91.0,24.0,32.2,18.3,24.6,34.9,17.1,21.7,44.6,334,13.0
2019-03-31,36.57,69.92,42.93,8.72,46.2,59.2,35.21,0.0,40.09,2.42,1.49,76.0,22.5,30.3,16.7,21.5,28.9,16.2,18.7,38.2,311,6.0
