Timestamp,PM2.5 (µg/m³),PM10 (µg/m³),Index Value,temperature_2m_max (°C),apparent_temperature_max (°C),Ozone (µg/m³),NO2 (µg/m³),CO (mg/m³),RH (%),temperature_2m_min (°C),Air Quality,Number of Admissions,Brought_Dead_Count
2017-05-01,38.35,61.36,87.0,35.6,36.0,25.85,5.71,0.7,15.87,17.4,Satisfactory,28,0
2017-05-02,48.6,77.75,79.0,37.8,38.1,43.53,5.74,0.9,10.51,19.4,Satisfactory,14,0
2017-05-03,46.94,75.1,81.0,36.8,35.9,19.42,4.8,1.19,26.65,25.1,Satisfactory,15,0
2017-05-04,46.94,75.1,81.0,36.0,37.4,19.42,4.8,1.19,26.65,23.6,,19,0
2017-05-05,75.77,121.22,81.0,38.0,37.7,32.05,8.62,0.49,18.09,20.9,,23,2
2017-05-06,45.17,72.27,99.0,39.5,40.3,32.92,6.48,0.88,20.89,22.6,Satisfactory,16,0
2017-05-07,52.4,83.85,97.0,41.0,41.1,56.53,6.77,0.83,16.39,23.0,Satisfactory,23,1
2017-05-08,42.62,68.2,92.0,41.8,43.3,18.46,10.87,0.4,13.05,23.2,Satisfactory,24,0
2017-05-09,74.85,119.76,112.0,42.0,43.2,9.81,12.34,0.98,26.12,26.3,Moderate,25,2
2017-05-10,109.99,175.98,124.0,39.7,42.3,14.1,3.97,1.43,29.88,27.0,Moderate,25,0
2017-05-11,61.75,98.8,114.0,37.8,39.6,27.78,6.74,1.47,44.69,24.5,Moderate,18,0
2017-05-12,54.48,87.18,102.0,39.7,41.0,22.28,6.27,1.21,36.59,23.8,Moderate,25,1
2017-05-13,68.94,110.3,95.0,39.8,41.2,35.88,7.96,0.77,25.98,25.5,Satisfactory,20,1
2017-05-14,49.03,78.45,93.0,40.0,39.7,30.69,6.12,1.23,30.01,25.0,Satisfactory,16,2
2017-05-15,63.7,101.92,106.0,41.5,43.3,20.47,5.52,1.26,30.47,24.9,Moderate,30,1
2017-05-16,63.7,101.92,106.0,37.9,39.8,20.47,5.52,1.26,30.47,25.9,Moderate,18,0
2017-05-17,77.34,123.75,124.0,37.3,39.0,5.74,4.35,1.08,61.1,23.0,Moderate,26,0
2017-05-18,67.23,107.56,109.0,37.0,40.0,12.19,6.24,1.09,49.83,23.6,Moderate,20,0
2017-05-19,45.26,72.41,87.0,39.4,41.5,12.23,5.89,1.12,36.38,23.9,Satisfactory,18,0
2017-05-20,52.82,84.5,99.0,39.0,42.1,6.9,5.47,0.67,47.96,23.0,Satisfactory,15,0
2017-05-21,42.06,67.3,91.0,37.8,41.0,4.76,3.92,0.73,61.27,23.6,Satisfactory,16,0
2017-05-22,40.92,65.47,86.0,35.0,38.8,34.47,4.76,0.79,36.58,22.4,Satisfactory,18,0
2017-05-23,40.92,65.47,97.0,36.0,39.3,34.47,4.76,0.79,36.58,23.0,Satisfactory,24,0
2017-05-24,54.35,86.95,79.0,38.0,41.6,13.41,4.62,0.9,36.8,23.0,Satisfactory,27,3
2017-05-25,53.9,86.22,92.0,39.5,42.8,25.32,3.93,1.28,25.92,24.5,Satisfactory,20,1
2017-05-26,51.21,81.93,76.0,41.7,44.9,11.35,6.14,0.79,28.11,24.5,Satisfactory,14,0
2017-05-27,51.21,81.93,75.0,41.8,45.0,11.35,6.14,0.79,28.11,25.0,Satisfactory,18,0
2017-05-28,79.86,127.78,86.0,38.9,40.9,11.98,5.42,0.05,52.39,27.5,Satisfactory,14,1
2017-05-29,39.79,63.66,78.0,36.0,39.7,8.52,4.02,0.78,53.05,26.5,Satisfactory,15,0
2017-05-30,45.2,72.32,153.0,37.1,40.2,26.23,6.78,0.23,28.0,25.0,Moderate,21,0
2017-05-31,123.81,198.09,162.0,35.7,38.5,18.16,3.12,1.02,48.57,24.1,Moderate,9,1
2017-06-01,123.81,198.09,140.0,37.8,39.5,18.16,3.12,1.02,48.57,22.1,Moderate,21,0
2017-06-02,40.96,65.54,114.0,40.0,40.5,16.14,3.12,0.91,19.48,23.1,Moderate,18,0
2017-06-03,59.58,95.32,118.0,42.8,42.3,63.13,3.12,0.84,26.66,24.0,Moderate,27,0
2017-06-04,59.58,95.32,102.0,44.8,46.5,63.13,3.12,0.84,26.66,26.6,Moderate,20,1
2017-06-05,57.25,91.6,112.0,44.4,46.4,19.3,3.12,1.04,38.41,28.8,Moderate,36,1
2017-06-06,46.62,74.59,98.0,39.8,42.6,13.31,3.12,0.68,33.45,30.5,Satisfactory,24,1
2017-06-07,37.17,74.59,141.0,33.3,37.3,13.31,0.19,0.81,52.81,25.0,Moderate,23,1
2017-06-08,39.9,63.84,71.0,38.1,42.0,23.53,0.77,0.68,57.28,25.2,Satisfactory,25,0
2017-06-09,39.9,63.84,88.0,34.7,39.3,23.53,0.74,1.04,46.85,24.1,Satisfactory,13,0
2017-06-10,39.9,63.84,84.0,37.2,42.0,23.53,0.74,1.04,46.85,24.7,Satisfactory,24,0
2017-06-11,43.24,69.18,84.0,37.3,40.0,6.73,1.98,0.64,62.79,23.6,Satisfactory,25,0
2017-06-12,43.24,69.18,77.0,39.0,40.4,6.73,0.72,0.91,37.59,23.5,Satisfactory,15,1
2017-06-13,57.14,91.42,85.0,39.9,43.8,6.73,1.68,1.39,51.86,24.5,Satisfactory,22,0
2017-06-14,57.14,91.42,97.0,40.5,41.9,6.73,1.68,1.39,51.86,27.5,Satisfactory,21,0
2017-06-15,97.59,156.14,194.0,40.0,43.0,12.13,1.68,0.55,55.4,26.1,Moderate,17,0
2017-06-16,40.89,65.43,145.0,38.4,41.1,10.32,1.86,0.78,42.96,25.6,Moderate,17,0
2017-06-17,53.03,84.84,192.0,37.8,43.0,13.65,1.86,0.86,44.84,27.5,Moderate,17,1
2017-06-18,216.08,345.72,192.0,37.2,43.5,27.87,0.03,0.77,55.85,26.4,,15,1
2017-06-19,216.08,345.72,268.0,38.7,43.7,27.87,0.03,0.77,55.85,28.2,Poor,21,1
2017-06-20,216.08,345.72,39.0,33.8,39.6,13.18,0.03,0.73,81.31,24.6,Good,23,1
2017-06-21,75.03,86.6,256.0,29.0,33.2,9.0,0.03,0.71,72.19,22.6,Poor,18,0
2017-06-22,33.21,53.14,123.0,32.7,38.1,58.09,11.6,0.21,50.34,22.7,Moderate,19,0
2017-06-23,33.21,53.14,99.0,33.8,39.9,58.09,11.6,0.21,50.34,24.3,Satisfactory,21,1
2017-06-24,72.0,115.19,159.0,35.7,41.9,19.97,3.25,0.61,67.55,25.3,Moderate,32,0
2017-06-25,69.75,111.6,182.0,37.0,43.8,30.58,2.31,0.77,54.24,26.9,Moderate,14,0
2017-06-26,66.93,107.08,210.0,37.2,44.3,19.05,4.96,0.08,50.39,29.2,Poor,25,0
2017-06-27,66.93,107.08,210.0,35.2,41.5,19.05,4.96,0.08,50.39,26.4,,15,1
2017-06-28,66.93,107.08,210.0,33.3,38.3,19.05,4.96,0.08,50.39,25.9,,18,0
2017-06-29,66.93,107.08,210.0,29.0,33.7,19.05,4.96,0.08,50.39,25.0,,18,0
2017-06-30,66.93,107.08,210.0,32.0,38.4,19.05,4.96,0.08,50.39,24.1,,16,1
2017-07-01,66.93,107.08,210.0,33.0,40.6,19.05,4.96,0.08,50.39,24.9,,11,0
2017-07-02,66.93,107.08,210.0,33.5,40.9,19.05,4.96,0.08,50.39,26.8,,18,1
2017-07-03,66.93,107.08,210.0,33.3,43.1,19.05,4.96,0.08,50.39,26.0,,21,1
2017-07-04,66.93,107.08,210.0,35.5,43.7,19.05,4.96,0.08,50.39,26.5,,26,0
2017-07-05,45.42,72.67,76.0,35.2,44.7,52.97,8.33,0.12,62.34,25.8,Satisfactory,27,0
2017-07-06,45.42,72.67,75.0,34.4,42.4,52.97,8.33,0.12,62.34,24.5,Satisfactory,21,1
2017-07-07,45.42,72.67,75.0,33.8,42.2,52.97,8.33,0.12,62.34,26.0,,25,0
2017-07-08,45.42,72.67,75.0,34.5,41.3,52.97,8.33,0.12,62.34,25.7,,19,0
2017-07-09,45.42,72.67,75.0,35.1,42.2,52.97,8.33,0.12,62.34,27.5,,12,0
2017-07-10,45.42,72.67,75.0,35.8,44.2,52.97,8.33,0.12,62.34,27.8,,31,1
2017-07-11,45.42,72.67,75.0,34.7,42.3,52.97,8.33,0.12,62.34,27.1,,28,0
2017-07-12,45.42,72.67,75.0,32.1,37.9,11.71,14.73,0.33,76.87,26.0,,29,0
2017-07-13,45.42,72.67,75.0,31.6,38.0,11.71,14.73,0.33,76.87,25.1,,17,0
2017-07-14,45.42,72.67,75.0,34.0,41.0,21.57,6.0,0.66,55.04,26.1,,19,1
2017-07-15,45.42,72.67,75.0,33.0,39.7,21.57,6.0,0.66,55.04,26.5,,12,2
2017-07-16,45.42,72.67,75.0,33.6,41.4,21.57,6.0,0.66,55.04,27.0,,10,0
2017-07-17,45.42,72.67,75.0,33.7,42.8,21.57,6.0,0.66,55.04,26.8,,30,1
2017-07-18,45.42,72.67,75.0,33.3,39.7,21.57,6.0,0.66,55.04,26.2,,26,1
2017-07-19,54.13,86.61,97.0,34.8,41.8,44.15,6.0,0.65,57.3,26.7,Satisfactory,17,0
2017-07-20,54.13,86.61,97.0,30.7,36.9,44.15,6.0,0.65,57.3,27.2,,20,2
2017-07-21,15.08,24.12,97.0,33.2,40.1,10.72,12.43,1.6,72.86,25.4,,16,0
2017-07-22,15.08,24.12,97.0,32.7,38.9,10.72,12.43,1.6,72.86,27.2,,17,0
2017-07-23,15.08,24.12,97.0,33.0,40.4,10.72,12.43,1.6,72.86,26.8,,11,1
2017-07-24,15.08,24.12,97.0,32.8,40.1,10.72,12.43,1.6,72.86,26.7,,27,0
2017-07-25,56.41,90.25,88.0,31.4,37.7,7.37,16.14,1.6,75.6,26.0,Satisfactory,16,0
2017-07-26,56.41,90.25,94.0,31.8,38.6,7.37,16.14,1.6,75.6,26.3,Satisfactory,26,0
2017-07-27,56.41,90.25,94.0,32.3,38.4,7.37,16.14,1.6,75.6,25.8,,20,0
2017-07-28,56.41,90.25,94.0,31.0,37.8,7.37,16.14,1.6,75.6,26.2,,18,0
2017-07-29,56.41,90.25,94.0,32.0,38.2,7.37,16.14,1.6,75.6,27.4,,11,0
2017-07-30,56.41,90.25,94.0,32.9,40.8,7.37,16.14,1.6,75.6,26.5,,18,1
2017-07-31,56.41,90.25,94.0,28.8,34.7,7.37,16.14,1.6,75.6,25.8,,19,0
2017-08-01,56.41,90.25,94.0,29.8,36.1,7.37,16.14,1.6,75.6,25.5,,25,0
2017-08-02,56.41,90.25,94.0,29.6,36.2,7.37,16.14,1.6,75.6,25.4,,20,0
2017-08-03,56.41,90.25,94.0,31.0,38.2,7.37,16.14,1.6,75.6,25.5,,18,0
2017-08-04,56.41,90.25,94.0,32.7,40.4,7.37,16.14,1.6,75.6,26.0,,25,2
2017-08-05,56.41,90.25,94.0,33.8,42.1,7.37,16.14,1.6,75.6,25.7,,20,1
2017-08-06,56.41,90.25,94.0,32.9,42.8,7.37,16.14,1.6,75.6,26.3,,21,0
2017-08-07,56.41,90.25,94.0,31.3,39.6,7.37,16.14,1.6,75.6,27.1,,18,0
2017-08-08,56.41,90.25,94.0,32.2,39.9,7.37,16.14,1.12,78.21,26.5,,23,0
2017-08-09,56.41,90.25,94.0,32.5,39.9,7.37,16.14,1.12,78.21,27.0,,5,0
2017-08-10,56.41,90.25,94.0,32.8,41.4,7.37,16.14,1.12,78.21,25.8,,4,1
2017-08-11,56.41,90.25,94.0,33.7,40.1,7.37,16.14,1.12,78.21,27.1,,11,0
2017-08-12,56.41,90.25,94.0,33.5,40.3,7.37,16.14,1.12,78.21,26.2,,12,0
2017-08-13,56.41,90.25,94.0,33.5,42.0,7.37,16.14,1.12,78.21,26.3,,11,1
2017-08-14,56.41,90.25,94.0,32.0,40.8,7.37,16.14,1.12,78.21,25.0,,13,0
2017-08-15,56.41,90.25,94.0,32.2,39.1,7.37,16.14,1.12,78.21,25.7,,9,0
2017-08-16,56.41,90.25,94.0,33.2,39.6,7.37,16.14,1.12,78.21,25.1,,14,1
2017-08-17,56.41,90.25,94.0,34.2,41.6,7.37,16.14,1.12,78.21,24.9,,18,1
2017-08-18,56.41,90.25,94.0,34.4,42.8,7.37,16.14,1.12,78.21,25.5,,6,1
2017-08-19,56.41,90.25,94.0,30.9,36.3,7.37,16.14,1.12,78.21,26.2,,6,0
2017-08-20,56.41,90.25,94.0,30.7,36.4,7.37,16.14,1.12,78.21,25.4,,9,1
2017-08-21,56.41,90.25,94.0,30.9,37.6,7.37,16.14,1.12,78.21,26.0,,27,0
2017-08-22,53.03,107.42,94.0,31.9,39.2,4.53,20.97,0.0,79.69,25.6,,22,2
2017-08-23,72.12,150.79,94.0,31.5,37.7,7.22,22.3,0.5,73.92,25.8,,24,0
2017-08-24,68.32,117.9,134.0,31.6,38.3,9.05,20.91,0.72,81.99,25.4,Moderate,32,0
2017-08-25,66.75,116.15,137.0,32.2,41.5,7.76,15.91,0.46,81.43,25.5,Moderate,22,0
2017-08-26,49.76,75.81,96.0,31.1,37.6,7.17,16.08,0.26,76.48,23.9,Satisfactory,19,0
2017-08-27,39.06,60.3,67.0,32.9,40.0,9.71,16.3,0.27,72.71,23.9,Satisfactory,15,0
2017-08-28,40.56,76.72,72.0,32.0,38.9,4.61,16.54,0.15,68.49,25.5,Satisfactory,22,0
2017-08-29,34.76,56.0,72.0,30.3,35.1,2.29,16.25,0.18,81.3,24.9,Satisfactory,18,0
2017-08-30,44.01,73.84,72.0,31.6,37.9,3.85,15.76,0.4,78.7,24.3,Satisfactory,26,0
2017-08-31,45.15,71.97,88.0,30.9,39.2,4.53,20.89,0.4,85.0,25.7,Satisfactory,24,2
2017-09-01,33.88,48.74,56.0,28.0,33.4,5.14,18.27,0.02,98.0,24.2,Satisfactory,18,0
2017-09-02,29.55,53.86,49.0,30.2,36.1,2.84,17.77,0.38,88.22,23.6,Good,18,0
2017-09-03,33.72,71.56,72.0,30.8,37.3,3.8,21.15,0.25,81.04,23.1,Satisfactory,7,0
2017-09-04,39.33,76.48,82.0,31.8,39.1,2.79,21.11,0.1,88.45,23.8,Satisfactory,23,0
2017-09-05,32.74,60.01,55.0,31.5,39.5,3.78,20.48,0.05,83.79,23.7,Satisfactory,21,0
2017-09-06,37.49,86.15,81.0,32.0,39.2,5.93,17.47,2.05,80.61,24.3,Satisfactory,24,0
2017-09-07,65.31,341.6,115.0,30.0,37.6,5.91,16.42,0.38,72.7,24.0,Moderate,13,0
2017-09-08,42.93,107.1,70.0,31.9,38.2,7.18,16.83,0.18,73.05,23.2,Satisfactory,18,0
2017-09-09,47.6,127.0,84.0,32.5,38.4,8.63,11.58,0.0,74.47,24.0,Satisfactory,20,0
2017-09-10,45.72,123.0,113.0,32.5,40.5,6.69,14.23,0.13,75.45,24.5,Moderate,15,1
2017-09-11,30.79,71.97,67.0,32.5,37.6,3.45,13.93,0.14,72.22,24.2,Satisfactory,34,0
2017-09-12,42.79,101.97,67.0,32.5,38.4,8.4,12.16,0.2,69.31,23.5,,32,0
2017-09-13,57.05,162.35,67.0,32.4,39.3,10.08,17.43,0.39,70.34,23.1,,24,0
2017-09-14,45.97,144.48,139.0,32.0,38.0,7.14,73.94,0.36,65.37,23.4,Moderate,24,0
2017-09-15,45.36,132.4,120.0,32.2,37.2,12.19,38.46,0.38,71.67,22.4,Moderate,27,0
2017-09-16,40.43,107.73,107.0,32.8,36.9,9.81,40.28,0.47,66.35,22.0,Moderate,20,0
2017-09-17,43.92,118.48,107.0,33.5,36.2,8.74,27.75,0.58,66.95,22.9,Moderate,11,0
2017-09-18,47.16,139.82,121.0,33.8,37.0,6.92,34.72,0.54,63.57,21.5,Moderate,26,1
2017-09-19,65.89,191.25,138.0,33.6,38.9,9.24,8.0,0.62,67.76,19.7,Moderate,23,0
2017-09-20,55.7,158.32,180.0,33.5,38.9,27.35,74.11,0.46,52.63,20.1,Moderate,17,0
2017-09-21,44.62,112.0,448.0,33.0,38.1,2.58,384.05,0.45,32.89,21.0,Severe,18,0
2017-09-22,82.93,215.74,41.0,31.6,37.0,11.28,384.05,0.94,74.01,23.3,Good,21,1
2017-09-23,37.48,78.06,93.0,27.1,31.8,3.67,91.73,0.73,81.22,22.0,Satisfactory,18,1
2017-09-24,47.25,100.89,89.0,32.0,36.9,7.88,91.73,0.66,78.13,20.6,Satisfactory,12,0
2017-09-25,67.18,165.54,128.0,33.2,37.5,3.06,109.32,0.64,38.78,22.4,Moderate,37,0
2017-09-26,76.09,178.51,157.0,33.4,37.6,1.48,16.05,0.75,38.78,22.7,Moderate,24,0
2017-09-27,55.71,178.37,154.0,33.8,38.0,1.15,15.53,0.74,5.25,22.2,Moderate,22,0
2017-09-28,44.35,122.62,100.0,34.1,37.6,4.89,12.33,0.56,8.16,22.7,Satisfactory,20,0
2017-09-29,6.2,18.03,147.0,34.3,37.7,4.89,1.69,0.07,5.67,23.1,Moderate,13,0
2017-09-30,12.8,34.36,43.0,34.5,37.7,4.89,3.21,0.1,14.53,22.5,Good,12,0
2017-10-01,6.07,19.36,163.0,34.0,37.3,4.89,1.88,0.0,7.09,20.1,Moderate,15,2
2017-10-02,5.27,14.35,114.0,34.4,38.3,4.89,1.47,0.0,5.3,20.5,Moderate,23,0
2017-10-03,11.06,34.32,69.0,34.3,37.3,23.16,1.79,0.0,8.39,20.7,Satisfactory,19,1
2017-10-04,7.97,26.72,42.0,34.3,37.2,8.22,1.79,0.0,20.28,21.3,Good,31,0
2017-10-05,2.7,8.53,177.0,34.2,36.1,16.14,0.72,0.0,55.09,20.6,Moderate,21,1
2017-10-06,7.29,18.91,38.0,34.2,35.8,14.6,1.7,0.0,52.58,20.9,Good,19,0
2017-10-07,9.3,26.12,211.0,34.5,35.9,32.05,1.7,0.09,56.97,20.0,Poor,27,0
2017-10-08,8.43,22.07,214.0,34.1,36.8,32.05,2.33,0.06,56.97,20.1,Poor,18,1
2017-10-09,11.37,29.61,251.0,33.8,37.7,32.05,4.52,0.07,56.97,21.5,Poor,19,0
2017-10-10,11.37,29.61,284.0,33.5,35.9,32.05,4.52,0.0,56.97,20.4,Poor,22,0
2017-10-11,11.37,29.61,246.0,33.5,36.0,32.05,4.52,0.0,56.97,21.3,Poor,18,0
2017-10-12,11.37,29.61,263.0,33.2,35.2,32.05,4.52,0.0,56.97,20.5,Poor,23,0
2017-10-13,11.37,29.61,269.0,33.8,35.2,32.05,4.52,0.0,56.97,20.4,Poor,17,0
2017-10-14,11.37,29.61,269.0,33.5,34.8,32.05,4.52,0.0,56.97,19.6,,19,0
2017-10-15,11.37,29.61,277.0,33.5,35.4,32.05,4.52,0.0,56.97,20.6,Poor,15,0
2017-10-16,11.37,29.61,241.0,33.8,34.4,32.05,4.52,0.0,56.97,19.2,Poor,22,0
2017-10-17,11.37,29.61,260.0,32.8,33.0,32.05,4.52,0.0,56.97,18.0,Poor,15,0
2017-10-18,11.37,29.61,317.0,32.8,34.3,32.05,4.52,0.0,56.97,18.5,Very Poor,10,0
2017-10-19,103.1,226.16,307.0,32.7,34.6,6.88,26.53,0.43,26.07,17.0,Very Poor,6,0
2017-10-20,103.1,226.16,399.0,32.6,33.9,6.88,26.53,0.0,26.07,17.2,Very Poor,18,0
2017-10-21,14.33,29.43,353.0,32.3,33.5,1.53,10.64,0.06,2.83,18.8,Very Poor,9,0
2017-10-22,14.33,29.43,360.0,31.4,32.5,1.53,10.64,0.0,2.83,16.7,Very Poor,11,0
2017-10-23,30.54,59.07,389.0,31.6,31.5,2.02,15.93,0.13,8.59,16.5,Very Poor,16,0
2017-10-24,30.54,59.07,346.0,31.0,30.0,2.02,15.93,0.0,8.59,16.0,Very Poor,21,1
2017-10-25,30.54,59.07,368.0,30.7,30.8,2.02,15.93,0.0,8.59,16.0,Very Poor,18,0
2017-10-26,30.54,59.07,299.0,30.3,31.4,2.02,15.93,0.0,8.59,15.2,Poor,25,0
2017-10-27,1.48,3.52,341.0,29.7,30.4,0.26,1.51,0.01,0.39,14.4,Very Poor,19,0
2017-10-28,1.48,3.52,314.0,29.5,30.1,0.26,1.51,0.0,0.39,14.9,Very Poor,24,0
2017-10-29,1.48,3.52,339.0,29.2,30.0,0.26,1.51,0.0,0.39,14.9,Very Poor,17,0
2017-10-30,25.13,49.11,399.0,28.7,30.0,8.93,7.97,0.09,5.78,15.1,Very Poor,32,0
2017-10-31,169.77,365.45,340.0,28.7,30.5,13.42,143.6,1.16,71.91,16.3,Very Poor,38,0
2017-11-01,155.15,338.95,303.0,28.7,30.4,13.77,147.86,1.06,74.86,15.9,Very Poor,22,2
2017-11-02,149.55,320.75,334.0,28.0,29.3,14.63,141.17,1.01,80.75,16.0,Very Poor,27,0
2017-11-03,160.9,348.13,320.0,27.8,29.7,11.93,135.73,1.14,82.82,16.4,Very Poor,18,0
2017-11-04,161.94,334.59,321.0,28.5,30.9,11.93,137.66,1.09,79.73,17.2,Very Poor,20,0
2017-11-05,202.23,377.41,345.0,28.3,30.2,11.93,133.14,1.06,83.22,15.6,Very Poor,15,0
2017-11-06,192.09,413.7,351.0,27.2,28.4,16.66,123.67,1.09,87.43,15.3,Very Poor,29,0
2017-11-07,141.42,320.25,313.0,27.0,28.4,13.14,125.86,1.2,96.22,15.6,Very Poor,20,0
2017-11-08,156.96,339.64,249.0,27.4,29.0,14.11,132.44,1.23,90.75,16.5,Poor,22,1
2017-11-09,148.71,319.03,345.0,26.9,28.1,12.96,173.96,1.46,82.96,14.9,Very Poor,19,0
2017-11-10,204.44,416.47,335.0,27.0,28.1,14.35,218.31,1.4,81.17,15.1,Very Poor,31,0
2017-11-11,166.68,355.38,344.0,24.7,26.0,13.9,165.15,1.21,85.67,13.8,Very Poor,24,0
2017-11-12,176.1,365.57,332.0,25.1,25.7,13.0,182.67,1.29,89.56,13.2,Very Poor,20,0
2017-11-13,253.31,533.23,382.0,24.8,25.9,13.7,182.67,1.8,92.23,13.2,Very Poor,36,1
2017-11-14,210.73,357.75,347.0,26.0,24.2,12.94,182.67,1.0,72.99,13.9,Very Poor,19,1
2017-11-15,44.68,92.45,347.0,22.8,22.8,11.22,255.38,0.55,79.12,13.3,,29,0
2017-11-16,49.11,112.54,347.0,23.5,23.6,11.61,88.68,0.62,77.28,11.9,,23,0
2017-11-17,92.56,205.87,213.0,22.2,22.2,13.2,128.23,0.74,85.68,12.9,Poor,27,1
2017-11-18,64.5,139.99,157.0,23.5,22.8,12.87,137.35,0.58,80.54,13.1,Moderate,24,0
2017-11-19,77.88,170.68,165.0,22.3,19.9,10.25,119.58,0.66,70.65,10.3,Moderate,14,1
2017-11-20,84.06,186.79,148.0,22.4,20.4,9.77,118.2,0.78,71.42,9.2,Moderate,32,1
2017-11-21,110.2,247.75,201.0,22.9,21.0,13.18,97.15,0.84,73.51,9.2,Poor,23,2
2017-11-22,141.91,309.12,311.0,22.2,19.6,9.77,104.72,0.88,69.55,9.2,Very Poor,23,0
2017-11-23,104.99,263.01,250.0,22.2,19.9,9.59,106.69,0.95,59.08,10.1,Poor,27,2
2017-11-24,112.6,269.09,247.0,22.9,20.7,10.06,102.94,0.93,64.48,8.8,Poor,28,0
2017-11-25,123.41,309.33,251.0,23.3,21.0,10.91,112.92,1.03,59.6,9.6,Poor,23,1
2017-11-26,155.45,367.06,344.0,22.9,21.2,10.97,123.95,1.4,66.96,9.1,Very Poor,13,0
2017-11-27,122.54,303.19,263.0,23.0,21.2,10.41,83.19,1.12,70.14,9.8,Poor,21,0
2017-11-28,132.4,323.71,295.0,23.4,22.0,10.92,96.96,1.18,69.02,9.5,Poor,32,1
2017-11-29,190.97,434.58,332.0,23.0,22.0,10.67,116.13,1.56,74.57,8.1,Very Poor,27,0
2017-11-30,137.72,294.71,339.0,23.1,21.7,19.83,129.46,1.31,75.28,9.1,Very Poor,29,1
2017-12-01,90.22,211.28,223.0,22.6,20.9,18.65,129.46,1.31,66.86,8.6,Poor,18,0
2017-12-02,120.42,295.54,216.0,22.5,21.4,12.74,129.46,1.31,68.47,7.2,Poor,25,0
2017-12-03,139.54,299.81,303.0,22.2,21.1,13.05,129.46,1.31,76.2,7.8,Very Poor,24,2
2017-12-04,115.74,244.78,282.0,21.9,20.2,11.98,129.46,1.31,76.4,8.4,Poor,19,0
2017-12-05,87.45,209.0,221.0,21.3,18.7,11.36,129.46,1.31,72.55,7.5,Poor,30,0
2017-12-06,48.27,132.14,142.0,21.9,18.2,10.09,129.46,1.31,43.91,7.7,Moderate,14,0
2017-12-07,57.2,156.29,145.0,21.2,18.5,9.91,129.46,1.31,45.1,8.0,Moderate,22,0
2017-12-08,71.38,199.81,156.0,22.5,19.8,9.79,129.46,1.31,50.93,8.8,Moderate,20,0
2017-12-09,108.14,285.78,219.0,22.5,21.4,9.72,129.46,1.31,59.49,7.7,Poor,14,0
2017-12-10,79.3,181.92,219.0,22.7,20.5,9.8,129.46,1.31,55.76,7.3,,20,0
2017-12-11,64.44,138.72,219.0,17.6,17.7,10.01,129.46,1.31,80.04,12.1,,18,0
2017-12-12,55.87,109.69,180.0,18.5,17.7,9.97,129.46,1.31,95.0,9.9,Moderate,22,0
2017-12-13,58.18,126.1,167.0,17.8,17.3,32.28,129.46,1.31,93.91,9.2,Moderate,20,1
2017-12-14,62.25,127.89,118.0,18.3,16.1,39.48,129.46,1.31,95.74,7.8,Moderate,20,1
2017-12-15,43.08,89.84,96.0,17.4,14.5,35.17,129.46,1.31,95.61,6.4,Satisfactory,17,0
2017-12-16,56.15,124.08,113.0,16.9,14.1,42.2,129.46,1.31,85.02,4.9,Moderate,18,1
2017-12-17,55.34,121.35,111.0,18.5,15.9,42.78,129.46,1.31,82.52,5.4,Moderate,18,0
2017-12-18,56.21,132.87,114.0,20.5,18.2,42.65,129.46,1.31,75.14,6.5,Moderate,26,0
2017-12-19,68.24,159.88,140.0,21.0,19.3,38.21,129.46,1.31,75.85,7.3,Moderate,21,0
2017-12-20,111.33,265.26,177.0,21.6,21.0,23.5,129.46,1.31,80.63,9.1,Moderate,27,1
2017-12-21,126.17,269.58,313.0,22.6,21.9,29.24,129.46,1.31,85.0,9.8,Very Poor,28,1
2017-12-22,62.24,137.56,147.0,20.9,19.2,36.09,129.46,1.31,78.37,9.1,Moderate,29,0
2017-12-23,59.79,144.8,120.0,20.0,17.7,40.27,129.46,1.31,74.72,7.3,Moderate,23,0
2017-12-24,129.92,288.31,236.0,20.0,19.3,27.92,129.46,1.31,79.95,7.2,Poor,16,0
2017-12-25,96.66,191.16,250.0,20.0,18.4,29.65,129.46,1.31,82.9,6.5,Poor,25,0
2017-12-26,99.62,212.39,216.0,20.9,19.0,7.17,129.46,1.31,80.97,6.4,Poor,40,1
2017-12-27,116.36,242.06,240.0,19.8,19.1,5.05,129.46,1.31,83.8,7.6,Poor,21,0
2017-12-28,103.19,209.91,267.0,20.0,18.8,5.0,129.46,1.31,81.21,6.9,Poor,24,2
2017-12-29,71.51,145.29,131.0,19.8,18.6,6.74,129.46,1.31,88.48,7.2,Moderate,22,0
2017-12-30,118.39,245.02,257.0,19.7,18.9,5.66,129.46,1.31,86.87,6.9,Poor,25,0
2017-12-31,120.83,246.77,237.0,18.7,17.7,5.28,129.46,1.31,86.6,7.1,Poor,19,1
2018-01-01,155.86,321.66,276.0,19.0,18.1,3.8,24.82,1.13,92.02,6.2,Poor,50,0
2018-01-02,96.06,211.2,239.0,19.0,17.9,3.94,25.45,0.89,99.03,5.8,Poor,39,1
2018-01-03,73.89,155.46,194.0,17.8,16.4,4.77,24.19,0.73,97.85,6.4,Moderate,18,0
2018-01-04,116.61,241.79,153.0,17.6,16.6,4.02,25.95,1.01,93.54,5.4,Moderate,16,1
2018-01-05,120.9,241.77,269.0,17.5,16.0,3.89,25.89,1.09,94.81,5.2,Poor,26,0
2018-01-06,74.74,147.36,200.0,17.9,15.7,5.28,19.34,0.76,89.64,4.8,Moderate,41,1
2018-01-07,68.77,141.83,168.0,17.5,14.8,7.18,16.11,0.74,77.68,4.2,Moderate,22,0
2018-01-08,76.01,161.36,137.0,18.2,15.8,8.14,15.53,0.74,77.38,4.3,Moderate,20,1
2018-01-09,77.26,157.04,163.0,18.5,15.8,11.5,14.1,0.7,76.22,5.1,Moderate,15,0
2018-01-10,85.36,172.12,170.0,18.8,16.2,10.49,15.72,0.71,76.03,5.1,Moderate,23,2
2018-01-11,76.98,166.61,184.0,18.5,16.1,6.65,17.66,0.87,72.31,4.6,Moderate,19,0
2018-01-12,78.31,174.22,159.0,19.0,17.7,3.25,17.66,0.84,74.2,6.4,Moderate,30,0
2018-01-13,94.97,194.87,190.0,19.8,17.9,4.05,17.66,1.02,80.53,5.6,Moderate,27,1
2018-01-14,91.22,185.34,229.0,20.3,18.4,3.69,17.66,0.93,77.38,4.9,Poor,18,0
2018-01-15,81.12,169.27,147.0,19.4,16.8,4.03,38.74,0.87,81.96,5.5,Moderate,30,1
2018-01-16,82.24,169.27,172.0,20.2,18.1,4.03,34.67,1.13,72.38,5.4,Moderate,37,1
2018-01-17,120.36,229.95,256.0,20.5,18.5,6.82,26.31,1.06,74.09,7.4,Poor,30,0
2018-01-18,91.24,169.96,249.0,21.5,20.4,10.36,21.16,0.82,75.46,6.8,Poor,17,0
2018-01-19,57.59,113.35,119.0,21.0,18.9,9.84,22.26,0.61,73.85,6.3,Moderate,13,1
2018-01-20,61.78,133.33,105.0,19.8,17.4,9.53,23.45,0.85,72.16,6.2,Moderate,31,1
2018-01-21,62.29,142.64,129.0,20.0,19.1,6.73,24.69,0.82,75.35,4.2,Moderate,11,2
2018-01-22,114.55,240.52,205.0,19.7,18.4,5.84,29.75,1.35,79.84,3.8,Poor,17,0
2018-01-23,74.14,138.73,251.0,14.6,13.4,5.34,27.2,0.82,95.22,6.2,Poor,14,0
2018-01-24,32.28,54.63,56.0,17.9,17.0,7.08,23.52,0.57,90.32,6.3,Satisfactory,9,0
2018-01-25,38.97,75.08,63.0,17.7,15.7,7.51,23.72,0.59,92.6,6.4,Satisfactory,12,0
2018-01-26,45.27,88.16,85.0,18.6,17.4,6.13,22.78,0.59,99.06,5.9,Satisfactory,14,0
2018-01-27,63.05,127.35,113.0,18.5,17.3,7.6,22.33,0.61,96.34,5.4,Moderate,8,0
2018-01-28,38.0,75.22,89.0,18.8,17.1,5.25,22.84,0.65,99.09,6.3,Satisfactory,10,1
2018-01-29,35.9,70.51,65.0,19.8,18.5,7.56,21.87,0.72,90.0,7.2,Satisfactory,16,1
2018-01-30,47.99,98.55,91.0,21.1,19.5,10.23,24.1,0.64,76.37,8.7,Satisfactory,14,0
2018-01-31,57.82,97.69,107.0,21.4,19.9,9.8,26.34,0.63,81.98,9.2,Moderate,8,0
2018-02-01,45.83,92.75,88.0,22.8,22.0,11.9,26.68,0.59,76.62,9.1,Satisfactory,35,2
2018-02-02,33.18,88.1,81.0,21.6,20.2,10.22,25.58,0.56,68.69,8.2,Satisfactory,19,0
2018-02-03,44.46,106.57,104.0,20.7,18.8,6.26,24.12,0.53,69.79,8.0,Moderate,13,2
2018-02-04,49.22,109.56,104.0,20.7,18.5,5.72,31.86,0.54,65.26,6.5,,18,0
2018-02-05,49.54,180.06,106.0,20.5,18.7,5.84,31.87,0.56,59.92,6.8,Moderate,19,0
2018-02-06,43.93,109.65,153.0,20.5,17.2,6.86,31.9,0.56,59.63,6.4,Moderate,30,0
2018-02-07,46.78,110.23,105.0,20.2,17.5,6.59,31.88,0.6,65.9,4.3,Moderate,23,0
2018-02-08,53.99,121.42,114.0,21.1,19.4,7.65,31.9,0.63,66.68,4.8,Moderate,16,0
2018-02-09,52.52,118.72,108.0,21.2,18.8,7.39,31.9,0.82,72.81,6.6,Moderate,12,1
2018-02-10,63.14,145.48,134.0,21.6,20.1,4.0,31.74,0.88,62.11,5.2,Moderate,30,0
2018-02-11,56.5,133.83,106.0,23.1,22.3,3.39,31.68,0.61,58.22,8.9,Moderate,27,0
2018-02-12,32.58,79.71,104.0,17.6,14.6,3.79,31.76,0.59,81.62,12.6,Moderate,22,1
2018-02-13,18.32,35.13,46.0,20.2,20.7,3.92,31.77,0.42,79.99,10.1,Good,24,1
2018-02-14,17.45,35.48,40.0,19.6,17.8,4.07,31.74,0.37,82.63,7.6,Good,31,2
2018-02-15,32.9,63.74,60.0,19.7,17.8,4.44,31.72,0.54,81.25,9.0,Satisfactory,24,0
2018-02-16,42.4,83.9,74.0,22.5,21.9,4.22,31.69,0.51,82.46,8.6,Satisfactory,29,0
2018-02-17,43.61,90.49,88.0,22.7,22.1,4.48,31.68,0.49,78.57,9.9,Satisfactory,16,0
2018-02-18,44.28,96.21,94.0,22.9,21.9,4.97,31.62,0.59,70.89,9.1,Satisfactory,18,0
2018-02-19,43.25,103.53,94.0,24.2,23.7,4.59,31.64,0.67,76.08,9.0,Satisfactory,44,0
2018-02-20,55.72,135.01,113.0,25.0,24.9,4.28,31.62,0.81,74.03,9.9,Moderate,33,2
2018-02-21,57.5,136.21,135.0,26.1,26.4,4.22,31.6,0.87,73.61,11.9,Moderate,30,0
2018-02-22,51.17,117.45,108.0,26.7,27.0,3.85,31.61,0.77,79.95,11.8,Moderate,18,0
2018-02-23,45.99,111.84,101.0,27.0,26.9,3.91,31.64,0.8,74.29,11.9,Moderate,25,0
2018-02-24,25.98,75.18,88.0,25.8,24.7,4.68,31.59,0.67,63.07,14.4,Satisfactory,16,0
2018-02-25,22.89,53.19,57.0,23.9,25.3,4.45,31.65,0.54,86.45,11.9,Satisfactory,8,0
2018-02-26,28.68,65.06,63.0,23.7,23.2,5.0,31.56,0.59,80.26,12.1,Satisfactory,32,0
2018-02-27,35.95,82.76,77.0,25.9,26.1,4.82,31.6,0.76,77.76,13.5,Satisfactory,29,0
2018-02-28,42.94,98.2,92.0,25.1,25.0,4.6,31.51,0.76,79.58,12.4,Satisfactory,31,0
2018-03-01,35.59,84.51,89.0,25.9,26.1,6.32,31.54,0.71,76.83,13.1,Satisfactory,35,0
2018-03-02,24.25,60.43,71.0,27.9,28.9,4.97,31.49,0.66,60.88,14.6,Satisfactory,22,1
2018-03-03,23.61,56.78,54.0,23.0,23.8,4.53,31.6,0.53,77.57,14.5,Satisfactory,22,1
2018-03-04,18.02,44.61,44.0,24.5,24.8,5.0,31.67,0.56,75.08,11.4,Good,19,1
2018-03-05,23.59,54.33,56.0,25.4,25.3,5.64,31.63,0.56,72.73,11.2,Satisfactory,20,0
2018-03-06,29.18,59.28,59.0,25.2,24.5,6.03,31.59,0.55,69.97,11.5,Satisfactory,17,0
2018-03-07,35.25,75.45,67.0,26.1,25.1,6.53,31.67,0.66,70.82,11.3,Satisfactory,29,1
2018-03-08,42.64,87.96,84.0,27.5,28.4,11.41,25.91,0.72,61.73,12.9,Satisfactory,33,1
2018-03-09,25.07,63.93,70.0,28.0,28.1,20.13,20.74,0.67,58.47,13.8,Satisfactory,38,0
2018-03-10,32.79,68.77,66.0,27.2,26.2,1.79,22.07,0.26,67.55,12.9,Satisfactory,36,0
2018-03-11,37.13,85.95,81.0,28.4,28.3,1.28,21.79,0.26,67.65,13.5,Satisfactory,31,1
2018-03-12,40.44,93.9,63.0,29.7,30.3,0.96,21.31,0.26,68.61,13.8,Satisfactory,39,0
2018-03-13,54.14,128.78,90.0,31.5,33.1,0.56,21.25,0.26,56.68,14.9,Satisfactory,19,0
2018-03-14,62.85,164.32,128.0,31.0,31.1,0.29,21.61,0.26,48.78,16.0,Moderate,20,0
2018-03-15,59.13,179.44,125.0,29.4,29.6,0.74,21.61,0.26,60.07,16.4,Moderate,18,1
2018-03-16,33.4,92.86,61.0,27.6,27.0,0.76,21.92,0.26,56.45,12.9,Satisfactory,30,0
2018-03-17,32.19,77.15,53.0,28.0,25.9,1.24,21.78,0.26,51.7,12.4,Satisfactory,19,0
2018-03-18,34.51,81.89,56.0,28.8,27.7,1.85,21.84,0.26,51.47,12.1,Satisfactory,20,0
2018-03-19,37.74,84.97,59.0,29.5,28.6,2.17,21.34,0.26,55.58,13.4,Satisfactory,35,1
2018-03-20,57.55,119.18,110.0,31.0,31.4,28.5,21.58,0.28,52.23,14.1,Moderate,22,0
2018-03-21,42.55,78.86,110.0,25.4,25.4,41.33,10.95,0.29,69.48,15.5,,16,0
2018-03-22,26.64,54.4,110.0,25.0,25.8,6.02,14.66,0.39,84.36,13.2,,14,0
2018-03-23,49.12,112.18,110.0,27.8,28.5,4.59,14.73,0.45,88.06,14.1,,18,0
2018-03-24,48.65,101.74,110.0,29.5,29.5,4.37,14.72,0.39,57.4,14.6,,20,0
2018-03-25,58.96,113.38,110.0,31.0,30.9,4.37,14.73,0.52,89.04,14.0,,17,0
2018-03-26,77.03,146.57,110.0,31.2,31.0,4.37,14.86,0.53,73.01,15.9,,30,0
2018-03-27,82.89,160.09,110.0,32.8,34.2,4.37,14.92,0.64,71.3,16.2,,22,0
2018-03-28,95.71,185.46,110.0,33.0,33.3,4.37,14.95,0.67,67.66,16.3,,17,0
2018-03-29,57.53,149.6,110.0,32.5,32.4,4.37,14.92,0.53,43.05,15.8,,11,2
2018-03-30,94.58,196.78,110.0,33.0,34.8,4.37,14.95,0.77,49.33,15.3,,24,0
2018-03-31,116.26,240.06,110.0,33.2,36.2,4.37,14.97,0.76,57.33,17.0,,23,0
2018-04-01,81.55,188.5,110.0,32.2,33.6,4.37,14.98,1.01,50.31,18.0,,36,0
2018-04-02,95.85,192.4,110.0,33.5,35.5,4.37,15.0,0.37,55.07,18.4,,7,0
2018-04-03,80.5,157.25,110.0,33.5,37.2,4.37,14.82,0.61,58.53,19.8,,12,0
2018-04-04,70.95,147.97,110.0,33.7,37.3,4.37,14.93,0.45,56.11,19.8,,23,1
2018-04-05,51.01,164.8,110.0,33.2,35.3,4.37,14.92,0.98,56.11,19.5,,16,0
2018-04-06,45.99,167.56,150.0,34.8,35.7,4.37,14.94,0.85,56.11,20.5,Moderate,37,1
2018-04-07,34.61,136.21,133.0,32.9,35.6,4.37,14.93,0.8,56.11,18.5,Moderate,19,0
2018-04-08,33.35,128.2,116.0,31.8,31.7,4.37,14.91,0.74,56.11,20.0,Moderate,13,0
2018-04-09,26.96,102.59,102.0,32.9,35.2,4.37,14.94,0.68,56.11,19.8,Moderate,23,0
2018-04-10,48.49,132.1,102.0,31.9,34.9,4.37,17.14,0.81,56.11,20.0,Moderate,17,0
2018-04-11,30.94,102.91,101.0,29.0,30.2,4.37,20.22,0.83,56.11,18.6,Moderate,11,0
2018-04-12,36.45,87.09,98.0,30.6,31.3,4.37,20.25,0.65,56.11,18.2,Satisfactory,23,0
2018-04-13,24.11,61.61,57.0,32.2,31.1,4.37,20.23,0.64,56.11,15.2,Satisfactory,14,0
2018-04-14,35.78,90.6,76.0,33.5,32.7,4.37,20.28,0.66,56.11,17.5,Satisfactory,15,0
2018-04-15,67.18,117.24,101.0,35.3,35.0,4.37,20.23,0.79,56.11,18.0,Moderate,21,0
2018-04-16,50.14,137.8,132.0,34.5,33.5,4.37,20.23,0.83,56.11,20.5,Moderate,14,0
2018-04-17,34.48,82.98,92.0,35.5,34.3,4.37,20.23,0.58,56.11,18.4,Satisfactory,20,0
2018-04-18,34.05,86.76,81.0,35.5,33.9,4.37,20.25,0.65,56.11,19.6,Satisfactory,11,1
2018-04-19,52.87,139.14,116.0,35.6,35.2,4.37,20.24,0.7,56.11,19.9,Moderate,18,0
2018-04-20,67.59,215.74,180.0,35.1,31.0,4.37,20.25,0.61,56.11,19.9,Moderate,23,0
2018-04-21,34.66,84.01,101.0,31.8,30.4,4.37,20.24,0.54,56.11,16.3,Moderate,11,0
2018-04-22,30.52,76.28,83.0,31.7,30.4,4.37,20.24,0.6,56.11,15.7,Satisfactory,6,0
2018-04-23,48.07,119.45,104.0,35.1,33.4,4.37,20.25,0.74,56.11,17.6,Moderate,21,0
2018-04-24,49.29,117.8,108.0,37.0,35.6,4.37,20.26,1.04,56.11,18.5,Moderate,16,1
2018-04-25,71.45,163.91,147.0,38.8,39.2,4.37,20.25,0.95,56.11,22.2,Moderate,9,0
2018-04-26,84.18,190.42,174.0,40.0,39.7,4.37,20.24,0.8,56.11,20.0,Moderate,11,1
2018-04-27,82.75,214.94,172.0,38.2,40.3,4.37,20.26,0.83,56.11,22.3,Moderate,10,0
2018-04-28,69.11,186.0,160.0,37.9,39.5,4.37,20.25,0.69,56.11,22.8,Moderate,10,1
2018-04-29,69.92,157.51,151.0,37.8,39.8,4.37,20.26,0.7,56.11,21.1,Moderate,5,0
2018-04-30,84.16,193.91,171.0,40.5,41.0,4.37,20.25,1.14,56.11,22.5,Moderate,10,0
2018-05-01,64.83,180.61,154.0,38.8,40.5,4.37,20.23,0.68,56.11,25.4,Moderate,40,0
2018-05-02,61.04,191.51,173.0,37.5,39.0,4.37,20.24,0.77,56.11,24.1,Moderate,19,0
2018-05-03,50.89,139.34,115.0,36.7,37.2,4.37,20.25,0.77,56.11,21.4,Moderate,16,0
2018-05-04,56.21,134.44,140.0,34.3,37.3,4.37,20.26,0.8,56.11,22.4,Moderate,25,0
2018-05-05,82.07,163.91,126.0,37.7,38.5,4.37,20.27,0.81,56.11,22.8,Moderate,22,0
2018-05-06,54.94,125.75,136.0,37.2,35.2,4.37,20.07,1.02,56.11,24.2,Moderate,26,0
2018-05-07,52.56,97.66,90.0,36.5,38.8,4.37,20.18,0.31,56.11,23.4,Satisfactory,27,0
2018-05-08,37.63,84.11,90.0,31.8,33.6,4.37,20.22,0.27,56.11,21.9,,15,0
2018-05-09,50.59,89.71,86.0,33.6,35.1,4.37,20.22,0.27,56.11,19.6,Satisfactory,18,0
2018-05-10,90.86,166.61,166.0,36.9,37.5,4.37,20.21,0.43,56.11,20.8,Moderate,17,0
2018-05-11,100.0,184.72,211.0,39.3,40.4,4.37,20.25,0.84,56.11,22.7,Poor,28,1
2018-05-12,128.0,219.6,281.0,39.8,42.8,4.37,20.23,0.76,56.11,25.4,Poor,39,0
2018-05-13,75.23,115.14,107.0,39.7,41.6,4.37,20.23,0.57,56.11,23.8,Moderate,10,1
2018-05-14,48.45,84.5,132.0,36.3,38.7,4.37,20.19,0.79,56.11,21.2,Moderate,26,1
2018-05-15,130.86,123.44,132.0,37.5,40.6,4.37,20.17,0.53,56.11,22.5,,13,0
2018-05-16,93.05,162.03,230.0,38.9,39.9,33.32,20.11,0.64,29.74,23.6,Poor,12,0
2018-05-17,121.69,206.64,275.0,39.2,39.6,21.51,20.07,0.85,32.0,22.5,Poor,14,0
2018-05-18,109.31,198.41,267.0,36.2,37.5,14.59,20.08,0.76,31.2,23.8,Poor,18,0
2018-05-19,97.69,186.42,220.0,38.7,38.5,19.43,20.05,0.71,29.77,23.8,Poor,17,1
2018-05-20,119.96,135.2,258.0,39.1,37.4,5.72,19.96,0.69,22.69,22.0,Poor,13,0
2018-05-21,89.05,135.28,203.0,40.1,37.7,29.25,20.02,0.63,16.92,21.6,Poor,22,1
2018-05-22,89.89,154.62,202.0,41.3,40.3,26.91,19.97,0.64,15.63,24.2,Poor,21,0
2018-05-23,106.86,151.81,211.0,41.2,39.6,26.38,19.93,0.65,16.01,25.2,Poor,16,0
2018-05-24,65.04,132.37,144.0,40.4,38.5,25.56,19.89,0.62,15.78,23.6,Moderate,24,0
2018-05-25,76.88,142.76,147.0,41.2,39.0,26.15,11.5,0.64,17.14,25.0,Moderate,26,0
2018-05-26,82.17,170.02,165.0,42.1,41.0,23.22,4.53,0.9,16.81,25.2,Moderate,12,1
2018-05-27,112.72,230.77,237.0,42.2,40.5,26.09,5.56,0.86,14.48,25.5,Poor,22,0
2018-05-28,99.0,201.56,256.0,41.7,40.5,10.14,8.2,0.54,18.43,24.6,Poor,23,1
2018-05-29,122.21,226.31,228.0,42.5,42.4,7.27,6.07,0.8,21.68,24.4,Poor,22,0
2018-05-30,90.01,231.42,228.0,40.6,43.0,7.27,4.84,0.76,32.28,27.4,Poor,19,0
2018-05-31,93.23,205.21,178.0,41.0,43.0,7.27,5.21,0.76,35.35,27.4,Moderate,22,0
2018-06-01,85.88,255.31,221.0,38.9,40.5,8.09,5.3,0.52,42.36,27.6,Poor,24,0
2018-06-02,57.16,122.91,161.0,39.5,42.6,25.74,6.18,0.69,43.54,26.8,Moderate,8,0
2018-06-03,60.6,131.66,117.0,39.5,43.7,29.84,7.5,0.62,40.97,28.2,Moderate,5,0
2018-06-04,87.89,159.06,178.0,40.0,43.4,27.55,6.49,0.81,43.25,29.9,Moderate,18,0
2018-06-05,65.95,149.78,178.0,39.5,41.8,29.01,4.42,0.6,46.1,31.5,,10,1
2018-06-06,43.78,81.65,106.0,35.9,40.4,19.25,7.47,0.62,59.51,25.7,Moderate,17,0
2018-06-07,69.7,122.62,109.0,38.0,43.4,24.39,4.35,0.8,44.37,26.6,Moderate,24,0
2018-06-08,69.29,163.18,163.0,38.8,43.7,29.38,12.22,0.65,44.57,29.1,Moderate,23,0
2018-06-09,40.7,94.87,104.0,35.6,39.9,15.34,21.41,0.57,77.72,25.3,Moderate,17,0
2018-06-10,52.64,105.01,108.0,34.5,41.7,16.93,21.02,0.62,66.82,26.0,Moderate,19,0
2018-06-11,53.54,135.97,115.0,38.3,42.1,18.4,18.12,0.54,48.87,27.4,Moderate,16,1
2018-06-12,60.24,163.83,139.0,40.2,43.4,22.56,18.12,0.61,36.78,26.2,Moderate,28,0
2018-06-13,126.68,400.07,177.0,41.7,44.7,16.04,16.13,0.52,34.59,28.0,Moderate,29,1
2018-06-14,312.27,757.09,488.0,41.6,44.3,11.57,17.36,0.57,37.37,27.8,Severe,25,1
2018-06-15,209.12,790.59,340.0,39.2,43.0,22.05,36.09,0.55,37.9,29.1,Very Poor,13,0
2018-06-16,124.58,346.33,353.0,37.7,42.2,26.42,48.71,1.21,75.9,25.3,Very Poor,14,1
2018-06-17,45.49,107.96,138.0,33.0,38.4,27.47,117.49,0.64,84.91,23.2,Moderate,8,0
2018-06-18,52.78,156.34,134.0,34.8,40.3,32.09,93.14,0.56,80.07,24.1,Moderate,12,0
2018-06-19,50.78,158.16,138.0,36.5,40.5,26.1,29.17,0.38,63.01,24.4,Moderate,17,0
2018-06-20,46.39,144.43,142.0,38.2,41.9,43.8,1.64,1.14,50.69,25.3,Moderate,18,0
2018-06-21,43.39,121.93,125.0,38.3,42.3,25.36,59.91,0.19,45.75,27.4,Moderate,17,0
2018-06-22,48.47,101.08,95.0,39.5,43.4,52.42,18.92,0.22,37.57,26.4,Satisfactory,19,0
2018-06-23,56.25,110.92,121.0,38.7,41.4,42.09,15.68,0.14,47.54,27.6,Moderate,15,0
2018-06-24,59.75,90.35,95.0,39.2,41.7,46.98,12.89,0.19,43.89,25.5,Satisfactory,12,0
2018-06-25,57.56,129.07,115.0,39.0,42.2,40.99,13.01,0.28,41.8,26.7,Moderate,27,0
2018-06-26,53.83,130.88,116.0,38.2,43.3,37.29,12.42,0.29,47.32,27.5,Moderate,28,2
2018-06-27,38.93,88.65,98.0,31.0,34.8,26.29,12.83,1.26,71.49,25.2,Satisfactory,16,1
2018-06-28,31.16,39.61,57.0,32.2,38.0,7.69,12.94,0.58,97.58,23.7,Satisfactory,17,0
2018-06-29,33.02,76.61,57.0,31.6,37.5,6.08,12.73,0.61,82.96,25.6,,18,0
2018-06-30,45.75,91.28,83.0,33.2,40.2,14.35,12.51,0.76,73.14,26.8,Satisfactory,29,2
2018-07-01,49.89,95.73,94.0,34.2,40.9,9.76,14.36,0.28,76.49,27.5,Satisfactory,25,0
2018-07-02,40.87,76.4,85.0,34.0,41.3,9.7,13.65,0.57,80.15,25.7,Satisfactory,24,0
2018-07-03,32.65,66.62,68.0,30.2,36.2,6.88,12.44,1.17,91.21,24.5,Satisfactory,10,0
2018-07-04,28.11,55.74,65.0,30.1,35.7,9.3,12.67,0.72,83.88,23.7,Satisfactory,32,1
2018-07-05,38.65,66.78,64.0,32.4,38.2,10.45,12.74,0.35,85.08,24.0,Satisfactory,29,0
2018-07-06,37.23,69.68,70.0,34.0,39.7,14.53,12.58,0.6,77.05,24.3,Satisfactory,27,1
2018-07-07,35.75,78.6,73.0,35.3,41.8,21.92,12.73,0.7,69.01,25.6,Satisfactory,19,0
2018-07-08,33.09,89.58,88.0,36.5,43.1,21.44,11.97,0.57,61.25,26.0,Satisfactory,28,0
2018-07-09,49.02,121.53,108.0,36.5,43.6,6.1,12.74,0.71,59.11,26.5,Moderate,23,1
2018-07-10,40.5,94.9,96.0,35.8,43.8,7.28,12.63,0.42,72.0,28.1,Satisfactory,19,0
2018-07-11,25.82,75.52,82.0,33.3,41.3,15.02,12.36,0.49,79.45,25.9,Satisfactory,19,0
2018-07-12,19.58,58.03,72.0,33.2,40.6,11.3,11.56,1.01,76.83,26.9,Satisfactory,30,0
2018-07-13,16.87,24.88,48.0,32.2,39.8,12.8,12.6,0.81,86.98,25.8,Good,18,1
2018-07-14,14.36,47.38,42.0,33.0,39.7,11.92,12.69,0.69,80.03,25.8,Good,19,0
2018-07-15,15.73,43.45,42.0,33.6,40.1,12.34,12.1,0.66,72.04,26.5,Good,12,0
2018-07-16,21.77,65.29,61.0,31.4,37.8,10.28,12.55,0.94,89.74,26.2,Satisfactory,24,2
2018-07-17,14.71,70.67,68.0,32.4,40.4,5.94,12.8,0.68,94.88,26.5,Satisfactory,26,1
2018-07-18,68.61,84.38,76.0,32.8,40.9,4.69,12.8,0.63,93.81,26.3,Satisfactory,13,0
2018-07-19,43.34,94.52,97.0,33.3,41.9,2.59,9.8,1.7,80.1,26.4,Satisfactory,16,1
2018-07-20,45.63,71.99,81.0,32.6,39.8,2.59,4.85,0.94,82.72,26.5,Satisfactory,23,2
2018-07-21,54.8,61.79,114.0,33.3,41.8,2.59,4.89,0.8,85.29,27.1,Moderate,22,1
2018-07-22,17.99,36.74,114.0,29.9,35.8,4.31,5.04,0.63,90.3,25.4,,11,0
2018-07-23,43.87,77.7,114.0,32.8,39.8,8.11,8.14,0.72,85.08,25.5,,14,0
2018-07-24,33.84,87.17,99.0,31.4,38.8,16.65,8.14,0.71,77.42,26.2,Satisfactory,24,1
2018-07-25,11.98,84.12,83.0,32.7,41.3,16.87,12.79,0.72,82.93,26.0,Satisfactory,31,0
2018-07-26,18.81,62.1,70.0,31.5,38.7,15.01,13.17,0.75,91.45,25.1,Satisfactory,13,0
2018-07-27,23.59,50.48,55.0,30.6,37.2,14.6,13.2,0.75,87.7,25.1,Satisfactory,12,0
2018-07-28,27.45,51.34,55.0,32.1,39.4,15.7,13.16,0.87,90.33,25.0,,17,0
2018-07-29,34.12,58.94,55.0,32.7,38.8,21.69,16.48,0.76,84.92,24.5,,12,0
2018-07-30,23.92,43.34,55.0,33.2,40.5,26.4,13.24,0.68,80.06,26.1,,17,1
2018-07-31,33.76,54.74,65.0,33.7,41.1,20.64,13.08,1.1,76.68,26.0,Satisfactory,12,0
2018-08-01,35.47,73.21,58.0,33.7,42.8,21.15,13.1,0.86,73.03,25.6,Satisfactory,25,2
2018-08-02,36.82,95.68,96.0,33.5,42.3,14.56,13.17,0.69,80.47,26.4,Satisfactory,21,0
2018-08-03,37.15,82.76,88.0,33.7,42.4,14.41,13.19,0.72,78.72,26.6,Satisfactory,8,1
2018-08-04,61.98,95.49,90.0,33.8,42.5,33.27,13.21,0.92,77.46,26.9,Satisfactory,13,0
2018-08-05,41.74,59.15,106.0,34.5,41.6,59.64,13.2,0.81,77.31,27.3,Moderate,25,2
2018-08-06,13.39,21.96,50.0,28.7,33.8,47.19,13.15,1.17,92.95,25.5,Satisfactory,19,0
2018-08-07,12.58,17.81,44.0,29.8,34.3,9.04,13.48,0.89,98.27,24.2,Good,4,0
2018-08-08,16.71,45.26,40.0,31.0,37.8,6.31,13.13,0.62,89.79,23.8,Good,10,0
2018-08-09,17.1,39.61,42.0,30.8,38.0,29.94,13.21,0.69,86.16,26.1,Good,23,0
2018-08-10,36.42,54.76,55.0,32.5,40.7,18.67,13.19,0.72,82.83,25.8,Satisfactory,25,0
2018-08-11,18.92,39.57,51.0,32.9,41.5,26.77,13.12,0.44,88.01,26.5,Satisfactory,17,1
2018-08-12,19.85,62.82,55.0,32.4,40.5,41.53,13.14,0.57,83.46,26.4,Satisfactory,22,1
2018-08-13,10.95,44.21,51.0,28.6,34.3,42.06,13.11,0.85,80.46,24.9,Satisfactory,18,1
2018-08-14,15.25,46.77,88.0,31.8,40.5,12.32,12.59,1.44,82.16,25.0,Satisfactory,15,1
2018-08-15,13.34,40.65,88.0,32.2,40.6,18.07,12.67,1.09,84.45,26.0,,11,0
2018-08-16,23.84,63.59,62.0,31.9,39.8,16.61,13.03,0.97,78.13,25.9,Satisfactory,22,0
2018-08-17,17.35,58.33,70.0,31.1,38.8,14.18,12.28,1.4,87.17,26.4,Satisfactory,33,0
2018-08-18,19.81,53.33,57.0,31.2,39.7,8.79,12.67,0.95,91.11,26.0,Satisfactory,18,0
2018-08-19,13.75,29.72,66.0,32.5,41.0,17.23,12.95,1.06,86.95,26.0,Satisfactory,8,0
2018-08-20,16.56,45.07,39.0,33.7,41.5,10.63,13.06,0.84,83.81,26.7,Good,33,1
2018-08-21,16.5,40.4,49.0,32.7,40.9,10.68,13.19,1.05,78.65,25.8,Good,29,0
2018-08-22,17.56,48.01,68.0,31.8,40.4,12.0,13.19,1.07,86.84,26.8,Satisfactory,27,1
2018-08-23,16.21,35.82,36.0,31.8,40.4,16.62,13.06,0.75,86.46,25.8,Good,26,0
2018-08-24,12.93,43.55,52.0,33.2,42.0,22.18,12.79,0.83,81.88,25.4,Satisfactory,19,1
2018-08-25,12.87,37.61,38.0,32.9,40.1,22.4,13.03,0.32,81.41,25.3,Good,20,1
2018-08-26,14.75,36.14,39.0,32.8,40.8,23.42,13.03,0.14,76.26,25.6,Good,14,0
2018-08-27,17.03,45.57,42.0,32.5,39.2,35.14,13.13,0.26,80.21,25.8,Good,31,0
2018-08-28,22.93,57.79,56.0,33.0,40.0,13.8,13.14,0.26,81.19,25.6,Satisfactory,17,1
2018-08-29,17.69,38.15,45.0,32.6,39.7,13.97,12.85,0.29,83.9,26.6,Good,15,1
2018-08-30,18.7,44.1,42.0,33.2,40.8,28.16,12.91,0.77,80.86,25.8,Good,28,1
2018-08-31,19.85,59.91,58.0,33.8,42.5,29.03,13.03,0.67,76.55,26.5,Satisfactory,16,0
2018-09-01,20.68,57.03,57.0,33.0,41.2,29.03,13.45,0.73,80.33,26.1,Satisfactory,42,0
2018-09-02,16.27,45.85,51.0,28.5,34.4,25.15,12.73,0.68,84.3,25.5,Satisfactory,26,0
2018-09-03,20.18,47.34,48.0,29.8,36.7,26.08,12.66,0.7,87.0,24.6,Good,6,1
2018-09-04,19.44,39.03,42.0,31.5,37.9,30.0,12.99,0.64,80.95,24.0,Good,24,0
2018-09-05,24.74,52.12,48.0,32.3,39.3,25.73,12.85,0.7,81.09,25.3,Good,16,0
2018-09-06,19.64,51.91,51.0,33.2,40.0,39.87,12.7,0.7,76.2,26.4,Satisfactory,14,1
2018-09-07,13.34,36.92,46.0,31.5,39.0,33.67,11.25,0.66,82.69,26.3,Good,21,0
2018-09-08,8.0,18.6,40.0,32.0,39.4,28.6,12.34,0.73,81.42,24.6,Good,16,0
2018-09-09,18.4,43.18,44.0,31.5,38.8,22.82,12.75,0.72,80.97,25.9,Good,16,0
2018-09-10,15.58,27.21,39.0,31.7,39.1,28.59,12.63,0.68,82.88,25.2,Good,23,1
2018-09-11,17.6,24.99,42.0,31.8,38.0,38.9,20.97,0.62,79.44,24.3,Good,20,0
2018-09-12,16.85,39.41,46.0,31.4,38.1,35.14,27.2,0.71,77.69,24.2,Good,18,2
2018-09-13,14.32,59.4,49.0,32.5,39.6,17.68,28.62,0.72,78.69,24.1,Good,22,0
2018-09-14,17.41,53.47,64.0,31.7,38.0,23.7,24.38,0.69,79.82,23.1,Satisfactory,27,1
2018-09-15,12.33,37.91,50.0,31.5,37.0,22.01,23.42,0.99,78.83,23.2,Satisfactory,24,0
2018-09-16,15.04,28.41,50.0,31.0,35.4,22.23,23.83,0.99,74.8,22.4,Satisfactory,24,0
2018-09-17,24.26,42.99,51.0,31.5,35.6,23.51,22.98,0.95,69.44,22.2,Satisfactory,34,0
2018-09-18,31.84,67.43,66.0,32.2,36.2,21.47,23.5,0.85,69.97,21.4,Satisfactory,26,1
2018-09-19,47.93,91.48,84.0,32.8,36.8,28.52,3.37,0.53,75.66,22.0,Satisfactory,21,0
2018-09-20,61.21,111.52,109.0,32.8,38.6,26.3,3.37,0.84,72.6,22.2,Moderate,28,0
2018-09-21,56.87,101.91,128.0,32.0,36.7,4.03,3.37,0.84,68.24,23.7,Moderate,33,0
2018-09-22,56.87,56.08,59.0,26.6,30.1,3.17,3.37,0.47,90.07,21.5,Satisfactory,16,0
2018-09-23,56.87,56.08,59.0,28.0,31.3,0.66,3.37,0.61,97.0,21.3,,16,1
2018-09-24,56.87,23.27,59.0,24.5,28.5,7.72,3.37,0.48,98.67,21.0,,16,0
2018-09-25,15.87,41.15,59.0,29.9,34.9,7.45,19.86,0.63,87.09,20.8,,35,0
2018-09-26,30.64,55.74,47.0,30.6,35.2,8.79,21.98,0.47,89.14,20.2,Good,24,0
2018-09-27,48.3,78.74,78.0,31.5,36.5,8.58,21.26,0.7,86.64,21.6,Satisfactory,22,0
2018-09-28,59.94,93.7,131.0,31.2,36.6,10.54,22.4,0.86,84.17,21.1,Moderate,29,1
2018-09-29,11.91,21.32,45.0,30.4,36.1,5.94,21.05,0.51,86.27,21.9,Good,23,1
2018-09-30,16.83,22.9,45.0,31.0,34.8,6.81,20.85,0.96,80.02,20.6,,17,0
2018-10-01,20.36,34.66,54.0,31.5,35.8,7.13,20.86,0.87,79.45,20.2,Satisfactory,27,0
2018-10-02,19.9,36.1,42.0,32.1,36.4,7.78,20.78,0.95,79.1,20.6,Good,15,0
2018-10-03,21.6,32.95,51.0,31.5,35.6,6.37,20.84,1.12,76.27,20.5,Satisfactory,12,0
2018-10-04,22.52,41.72,66.0,31.1,34.8,6.63,20.82,0.96,79.91,19.0,Satisfactory,25,1
2018-10-05,31.74,53.7,55.0,31.3,34.9,7.28,20.84,0.99,75.0,19.0,Satisfactory,13,0
2018-10-06,46.57,91.43,83.0,30.9,33.2,15.26,21.75,0.92,76.71,18.6,Satisfactory,9,0
2018-10-07,56.5,111.52,109.0,30.5,33.0,11.23,27.1,0.8,72.64,17.5,Moderate,23,0
2018-10-08,68.39,135.83,124.0,31.0,34.1,16.58,23.31,1.05,70.94,18.5,Moderate,23,1
2018-10-09,65.09,142.76,134.0,31.0,33.4,15.25,18.96,0.89,56.5,18.9,Moderate,26,1
2018-10-10,79.1,125.68,166.0,28.5,32.8,13.62,11.05,1.64,65.03,18.4,Moderate,22,0
2018-10-11,47.45,78.27,121.0,27.6,30.4,12.39,11.65,0.83,57.93,18.0,Moderate,18,0
2018-10-12,56.22,78.51,108.0,28.5,31.2,16.96,11.0,0.69,63.09,16.9,Moderate,31,0
2018-10-13,45.48,61.74,70.0,29.1,30.0,7.52,11.09,0.62,67.73,17.0,Satisfactory,31,0
2018-10-14,60.15,88.12,96.0,29.3,30.0,7.34,11.11,0.87,67.49,15.5,Satisfactory,14,1
2018-10-15,53.01,86.32,92.0,29.7,31.0,7.34,11.01,0.71,67.54,16.2,Satisfactory,35,0
2018-10-16,72.69,112.01,143.0,30.9,32.8,7.34,11.14,1.13,59.38,15.4,Moderate,32,0
2018-10-17,69.25,113.13,126.0,30.2,32.5,7.34,10.93,1.32,51.67,17.1,Moderate,27,0
2018-10-18,88.1,136.01,196.0,29.6,32.4,7.69,11.16,1.11,63.09,16.5,Moderate,24,0
2018-10-19,58.39,80.2,114.0,30.0,30.7,20.01,11.35,0.82,63.68,16.6,Moderate,20,0
2018-10-20,66.97,93.24,145.0,29.5,30.1,19.27,10.99,0.86,57.92,15.6,Moderate,21,1
2018-10-21,59.19,77.54,100.0,29.2,28.8,17.12,11.0,0.48,58.29,15.1,Satisfactory,20,0
2018-10-22,82.12,116.17,166.0,28.7,28.3,23.86,10.94,0.72,56.71,14.7,Moderate,35,0
2018-10-23,66.13,99.02,147.0,29.4,29.5,16.02,10.66,1.25,56.14,16.0,Moderate,21,0
2018-10-24,74.42,98.78,138.0,28.9,29.3,16.36,10.72,1.32,57.0,13.4,Moderate,22,0
2018-10-25,66.65,87.29,126.0,28.8,29.1,23.85,10.9,1.33,66.99,15.9,Moderate,27,0
2018-10-26,44.23,105.54,148.0,28.7,28.8,12.84,11.2,0.56,78.28,15.6,Moderate,25,0
2018-10-27,64.5,130.0,148.0,28.6,29.3,11.7,11.65,0.7,55.26,17.0,,20,0
2018-10-28,78.91,120.39,158.0,29.0,29.6,14.87,11.5,0.83,72.93,14.9,Moderate,19,1
2018-10-29,78.5,127.9,195.0,29.0,30.2,11.98,11.39,0.88,72.02,14.7,Moderate,34,1
2018-10-30,80.51,124.54,183.0,29.0,30.7,21.83,10.94,0.9,73.43,16.9,Moderate,24,1
2018-10-31,61.19,108.75,112.0,28.6,30.0,22.36,11.65,0.87,71.04,15.4,Moderate,22,0
2018-11-01,76.76,127.39,135.0,28.5,29.7,18.22,10.98,1.17,69.43,16.1,Moderate,17,0
2018-11-02,44.19,87.5,114.0,26.7,26.8,21.99,11.03,0.59,56.0,16.4,Moderate,26,0
2018-11-03,19.87,51.61,52.0,25.8,23.7,18.06,10.18,0.64,66.14,16.0,Satisfactory,10,0
2018-11-04,51.62,103.76,102.0,24.1,24.6,15.16,16.67,0.48,78.91,14.8,Moderate,28,1
2018-11-05,51.27,73.3,91.0,25.2,25.1,22.46,10.93,0.48,67.13,13.9,Satisfactory,13,0
2018-11-06,64.33,95.07,126.0,25.2,23.6,22.92,10.89,0.53,53.42,12.8,Moderate,26,1
2018-11-07,74.78,141.3,137.0,25.4,23.1,21.94,16.95,0.31,55.54,10.1,Moderate,13,0
2018-11-08,91.49,287.06,137.0,25.5,25.4,13.36,24.22,0.0,74.84,9.9,,20,0
2018-11-09,46.03,211.87,165.0,25.5,25.0,10.93,10.84,0.0,74.84,13.8,Moderate,28,1
2018-11-10,45.74,154.5,165.0,26.0,26.3,13.89,11.08,0.0,74.84,14.1,,28,1
2018-11-11,46.88,128.57,165.0,25.8,25.5,11.69,11.13,0.0,74.84,14.1,,17,0
2018-11-12,45.68,129.0,120.0,26.5,26.4,15.04,10.9,0.0,72.56,12.2,Moderate,29,0
2018-11-13,39.46,128.59,126.0,25.0,25.6,10.07,11.03,0.0,82.67,13.1,Moderate,33,0
2018-11-14,47.84,109.86,126.0,26.4,26.0,10.93,10.88,0.0,69.76,13.3,,14,0
2018-11-15,40.81,40.42,126.0,24.6,23.5,15.92,10.8,0.0,65.41,12.4,,19,0
2018-11-16,28.62,51.44,47.0,23.6,21.5,14.34,14.24,0.0,77.17,11.4,Good,24,1
2018-11-17,35.97,102.75,47.0,24.0,22.6,22.92,10.82,0.0,48.86,10.9,,10,0
2018-11-18,56.47,141.94,119.0,25.5,25.9,15.51,10.95,0.0,59.3,10.7,Moderate,16,0
2018-11-19,52.64,131.69,112.0,26.2,26.3,12.8,10.86,0.0,56.05,13.9,Moderate,27,0
2018-11-20,47.06,104.2,117.0,26.1,24.9,16.19,10.89,0.0,65.31,13.2,Moderate,36,0
2018-11-21,39.12,95.71,92.0,25.3,23.7,14.58,10.88,0.0,61.52,11.2,Satisfactory,31,0
2018-11-22,49.95,141.2,111.0,25.2,25.1,12.81,11.14,0.0,66.85,10.1,Moderate,25,0
2018-11-23,41.74,103.93,121.0,24.4,22.1,15.57,11.0,0.0,65.07,10.6,Moderate,11,0
2018-11-24,28.8,83.39,76.0,23.9,21.6,14.59,10.82,0.0,59.96,11.1,Satisfactory,25,1
2018-11-25,70.29,162.12,106.0,24.5,24.0,7.6,14.13,0.0,76.19,8.5,Moderate,29,0
2018-11-26,47.84,157.06,158.0,25.0,24.0,13.23,10.9,0.0,69.39,10.1,Moderate,36,0
2018-11-27,48.4,179.31,139.0,24.5,24.4,9.93,10.8,0.0,68.22,11.4,Moderate,21,0
2018-11-28,49.32,157.0,143.0,25.1,26.2,11.54,11.33,0.0,74.09,12.8,Moderate,33,0
2018-11-29,39.7,115.22,121.0,24.2,23.6,15.12,10.69,0.0,81.36,11.6,Moderate,35,1
2018-11-30,40.0,104.13,101.0,23.6,21.7,14.62,10.85,0.0,71.22,10.9,Moderate,29,1
2018-12-01,35.5,105.64,93.0,23.6,21.7,13.24,10.85,0.0,66.84,10.0,Satisfactory,38,1
2018-12-02,48.67,150.19,132.0,22.9,22.6,12.75,10.83,0.0,69.4,8.2,Moderate,21,0
2018-12-03,36.03,102.92,104.0,22.8,21.7,15.08,10.79,0.0,77.16,10.4,Moderate,14,2
2018-12-04,43.17,120.3,104.0,22.2,21.5,14.14,10.93,0.0,80.07,10.8,,22,0
2018-12-05,40.82,116.02,104.0,21.5,21.1,14.64,10.8,0.0,79.38,10.6,,20,3
2018-12-06,51.66,140.56,114.0,21.9,21.0,16.41,10.84,0.0,82.5,8.2,Moderate,21,1
2018-12-07,43.39,127.01,133.0,21.5,20.3,13.2,10.75,0.0,79.15,8.6,Moderate,15,0
2018-12-08,36.48,109.57,103.0,21.5,20.2,12.95,10.76,0.0,79.13,7.7,Moderate,21,1
2018-12-09,42.21,116.54,109.0,20.9,20.0,12.03,10.8,0.0,78.41,8.4,Moderate,19,1
2018-12-10,46.81,145.41,134.0,21.0,20.2,10.43,10.79,0.0,72.6,7.9,Moderate,21,0
2018-12-11,34.68,107.99,85.0,20.9,20.4,8.63,10.94,0.0,72.11,9.6,Satisfactory,30,0
2018-12-12,29.49,71.81,97.0,16.7,14.9,9.91,10.79,0.0,77.6,9.3,Satisfactory,23,0
2018-12-13,25.41,57.57,63.0,18.0,17.0,11.59,10.79,0.0,80.79,7.4,Satisfactory,19,0
2018-12-14,22.22,45.65,43.0,19.4,17.3,12.57,10.82,0.0,81.49,6.3,Good,22,0
2018-12-15,22.94,62.48,54.0,19.6,17.5,12.99,10.81,0.0,75.65,7.2,Satisfactory,30,0
2018-12-16,26.09,69.58,71.0,19.5,17.0,12.65,11.11,0.0,69.81,6.3,Satisfactory,18,0
2018-12-17,35.75,91.53,73.0,19.4,17.1,10.93,10.88,0.0,81.7,6.2,Satisfactory,33,0
2018-12-18,16.6,122.37,107.0,19.6,17.2,13.66,10.96,0.01,73.65,5.4,Moderate,25,0
2018-12-19,38.67,130.45,121.0,20.2,18.8,13.0,10.98,0.01,75.83,4.9,Moderate,28,0
2018-12-20,55.63,146.72,133.0,18.8,16.8,10.52,11.87,0.0,77.77,7.3,Moderate,33,1
2018-12-21,56.93,139.85,124.0,18.8,16.9,13.83,10.97,0.01,79.71,5.4,Moderate,21,0
2018-12-22,74.1,218.76,138.0,18.6,17.3,4.63,10.96,0.0,87.14,4.3,Moderate,16,0
2018-12-23,99.65,262.03,248.0,18.6,16.9,4.83,10.98,0.0,88.76,3.8,Poor,16,0
2018-12-24,61.16,135.52,162.0,17.5,15.4,7.76,11.02,0.0,82.95,3.9,Moderate,23,0
2018-12-25,59.79,146.65,122.0,17.8,14.8,6.72,10.96,0.0,84.7,4.4,Moderate,27,1
2018-12-26,66.64,164.62,122.0,17.5,15.3,8.32,12.3,0.0,76.03,2.5,,25,0
2018-12-27,79.88,236.26,195.0,17.5,14.7,10.89,11.46,0.0,79.86,4.8,Moderate,19,0
2018-12-28,60.85,137.33,149.0,16.5,13.3,8.33,10.97,0.0,79.64,4.3,Moderate,24,1
2018-12-29,65.27,152.27,135.0,17.7,15.0,8.63,10.97,0.0,78.93,2.1,Moderate,27,0
2018-12-30,75.66,204.34,153.0,18.4,17.0,7.0,10.96,0.0,78.81,3.4,Moderate,19,1
2018-12-31,76.94,192.34,176.0,18.6,16.0,12.42,10.96,0.0,81.12,4.1,Moderate,29,0
2019-01-01,76.45,209.65,150.0,17.5,16.5,7.51,11.07,0.01,84.18,4.3,Moderate,23,0
2019-01-02,81.59,232.39,219.0,19.0,18.6,6.23,10.99,0.0,77.1,6.8,Poor,22,1
2019-01-03,63.55,153.77,141.0,18.7,16.2,4.6,10.97,0.0,98.98,6.4,Moderate,25,0
2019-01-04,11.65,161.56,141.0,17.5,15.6,10.69,11.45,0.0,81.44,4.7,,3,1
2019-01-05,55.41,194.67,169.0,18.1,16.0,5.23,10.97,0.0,87.19,6.3,Moderate,4,1
2019-01-06,29.23,69.62,82.0,16.5,15.5,5.63,11.04,0.0,89.0,7.4,Satisfactory,4,3
2019-01-08,32.32,101.63,91.0,17.5,14.8,9.39,11.56,0.0,79.08,7.1,Satisfactory,5,2
2019-01-09,31.85,112.81,109.0,17.8,15.3,10.17,11.16,0.0,77.82,5.6,Moderate,4,1
2019-01-10,39.07,140.21,115.0,17.5,15.4,7.91,10.95,0.0,74.23,4.2,Moderate,2,0
2019-01-11,65.19,251.44,191.0,18.4,17.2,5.24,10.98,0.0,74.61,6.6,Moderate,1,0
2019-01-12,55.51,206.31,192.0,18.8,18.4,5.2,10.95,0.0,79.86,4.5,Moderate,1,0
2019-01-13,26.57,65.83,82.0,18.1,16.2,5.24,10.96,0.0,77.85,7.3,Satisfactory,18,0
2019-01-14,23.08,71.65,74.0,16.1,13.2,5.24,10.98,0.0,69.8,4.6,Satisfactory,32,1
2019-01-15,30.3,103.71,88.0,16.5,13.7,8.37,8.58,0.0,72.06,3.8,Satisfactory,34,0
2019-01-16,71.09,169.03,126.0,17.2,16.0,10.54,9.87,0.0,80.23,3.5,Moderate,28,0
2019-01-17,78.51,128.62,214.0,18.0,16.6,17.27,14.23,0.0,81.86,4.1,Poor,28,0
2019-01-18,54.37,100.71,112.0,18.8,16.9,20.01,13.59,0.0,77.37,4.6,Moderate,31,0
2019-01-19,54.04,117.48,116.0,20.5,18.7,16.39,14.79,0.0,76.01,7.7,Moderate,28,0
2019-01-20,99.35,196.74,172.0,19.9,19.4,7.68,15.02,0.0,83.35,8.6,Moderate,15,0
2019-01-21,21.51,73.73,97.0,15.2,16.1,7.88,14.42,0.0,91.46,9.4,Satisfactory,23,0
2019-01-22,26.92,25.67,61.0,15.2,14.4,12.06,24.43,0.0,98.79,9.1,Satisfactory,20,1
2019-01-23,15.94,41.18,33.0,16.6,15.5,14.58,19.16,0.0,86.2,6.6,Good,33,0
2019-01-24,18.69,50.68,52.0,16.5,16.0,16.44,14.61,0.0,84.33,6.1,Satisfactory,30,1
2019-01-25,25.04,50.81,49.0,15.4,14.0,20.63,14.16,0.0,78.38,5.1,Good,44,2
2019-01-26,14.05,63.08,49.0,15.5,13.1,18.85,14.19,0.0,78.67,3.4,Good,28,0
2019-01-27,21.3,98.75,93.0,15.4,12.8,16.37,13.76,0.0,78.49,4.2,Satisfactory,22,1
2019-01-28,22.6,37.09,60.0,16.3,13.5,16.37,13.77,0.0,73.91,2.6,Satisfactory,34,1
2019-01-29,3.94,81.9,60.0,16.4,14.0,20.76,13.38,0.0,72.37,3.5,,36,3
2019-01-30,36.09,127.45,124.0,14.7,13.2,16.02,13.93,0.0,77.31,6.0,Moderate,30,0
2019-01-31,48.87,139.89,117.0,15.5,13.6,11.96,14.06,0.0,83.36,5.9,Moderate,40,2
2019-02-01,44.12,126.65,116.0,16.4,14.8,6.02,20.25,0.0,90.73,7.8,Moderate,33,1
2019-02-02,17.3,54.86,79.0,18.6,17.9,5.08,33.21,0.0,83.54,5.8,Satisfactory,26,0
2019-02-03,32.42,95.43,79.0,20.3,19.7,4.55,39.35,0.0,83.02,6.8,Satisfactory,29,1
2019-02-04,32.47,87.59,78.0,20.4,19.6,4.49,43.55,0.0,85.14,6.8,Satisfactory,2,1
2019-02-05,68.58,198.27,155.0,19.8,19.2,4.49,81.25,0.0,76.81,8.8,Moderate,2,1
2019-02-06,64.98,152.34,134.0,19.6,18.5,4.49,80.72,0.0,81.42,10.9,Moderate,1,0
2019-02-07,28.67,32.98,134.0,16.2,14.7,4.49,98.07,0.0,98.89,9.9,,3,0
2019-02-08,15.94,39.14,40.0,17.0,15.9,31.87,19.98,0.0,83.86,6.4,Good,2,0
2019-02-09,25.02,59.28,55.0,17.5,16.0,24.61,37.02,0.0,84.87,5.9,Satisfactory,3,0
2019-02-10,28.69,254.34,55.0,17.9,16.5,23.76,46.13,0.0,82.95,5.1,,4,3
2019-02-11,26.95,547.87,395.0,18.9,17.6,25.38,42.01,0.0,80.2,8.1,Very Poor,1,0
2019-02-12,37.66,76.71,79.0,19.5,19.7,25.89,31.31,0.0,81.4,8.8,Satisfactory,1,1
2019-02-13,45.38,96.68,89.0,20.8,21.2,18.99,31.82,0.0,82.22,9.1,Satisfactory,33,2
2019-02-14,43.28,91.43,90.0,20.2,18.9,12.66,19.93,0.0,89.7,9.6,Satisfactory,35,1
2019-02-15,32.05,21.4,90.0,19.5,19.5,14.74,16.64,0.0,93.12,11.0,,29,0
2019-02-16,33.47,42.46,48.0,19.0,18.6,17.4,8.62,0.0,94.35,11.1,Good,22,0
2019-02-17,24.09,53.13,62.0,17.9,16.1,22.5,3.73,0.0,84.17,9.2,Satisfactory,21,0
2019-02-18,55.6,80.89,94.0,17.7,16.6,10.62,3.79,0.0,93.86,9.2,Satisfactory,31,0
2019-02-19,26.5,68.91,58.0,19.8,19.8,19.89,3.73,0.0,84.74,9.3,Satisfactory,27,0
2019-02-20,46.96,89.61,99.0,20.5,19.8,11.48,3.72,0.0,85.84,10.9,Satisfactory,30,1
2019-02-21,42.97,40.64,73.0,21.4,22.2,15.17,3.79,0.0,86.71,13.8,Satisfactory,40,0
2019-02-22,14.33,46.03,44.0,19.5,18.9,27.02,3.57,0.0,83.12,11.1,Good,38,2
2019-02-23,36.95,67.92,64.0,19.4,17.9,27.75,3.58,0.0,77.53,8.1,Satisfactory,20,0
2019-02-24,37.69,83.54,82.0,19.8,19.0,28.78,3.44,0.0,78.98,7.8,Satisfactory,23,0
2019-02-25,98.16,152.35,146.0,20.5,20.5,21.23,3.59,0.0,73.43,6.6,Moderate,34,1
2019-02-26,96.41,97.74,208.0,17.1,15.9,29.31,3.3,0.0,67.23,9.1,Poor,26,0
2019-02-27,39.14,53.85,89.0,15.8,15.6,32.8,3.36,0.0,70.44,8.3,Satisfactory,26,0
2019-02-28,45.54,92.68,88.0,17.6,16.1,23.14,7.65,0.0,75.32,5.7,Satisfactory,29,1
2019-03-01,54.19,78.14,113.0,19.5,18.8,28.07,3.79,0.0,71.88,6.3,Moderate,34,0
2019-03-02,36.9,95.0,88.0,16.7,16.8,15.05,8.24,0.0,77.54,12.0,Satisfactory,10,0
2019-03-03,43.85,45.6,99.0,20.1,21.4,5.36,2.48,0.0,86.84,10.6,Satisfactory,22,0
2019-03-04,114.93,47.41,166.0,20.6,21.1,5.19,2.25,0.0,90.04,10.1,Moderate,3,1
2019-03-05,50.56,47.86,135.0,20.2,20.4,5.92,2.31,0.0,80.69,9.6,Moderate,3,0
2019-03-06,79.24,122.04,143.0,21.5,21.1,5.74,3.78,0.0,75.11,8.9,Moderate,2,0
2019-03-07,77.55,148.65,176.0,22.1,22.0,8.66,9.83,0.0,68.69,8.4,Moderate,2,0
2019-03-09,38.17,133.92,128.0,22.0,21.8,5.53,12.1,0.0,72.5,9.2,Moderate,1,0
2019-03-11,69.19,228.85,167.0,19.9,18.9,5.15,20.42,0.0,69.77,10.6,Moderate,1,0
2019-03-12,41.36,162.76,170.0,22.8,23.9,7.06,14.07,0.0,68.07,8.7,Moderate,1,0
2019-03-13,64.04,135.38,120.0,20.3,20.2,5.41,13.94,0.0,69.6,9.4,Moderate,20,1
2019-03-14,35.5,59.7,73.0,22.0,22.7,5.5,13.59,0.0,75.7,9.8,Satisfactory,20,0
2019-03-15,29.99,52.86,58.0,22.5,22.8,9.41,10.18,0.0,74.93,9.1,Satisfactory,26,0
2019-03-16,36.93,64.82,57.0,23.0,22.7,6.87,10.75,0.0,69.38,9.6,Satisfactory,21,0
2019-03-17,34.66,64.6,68.0,24.4,24.5,6.19,13.53,0.0,57.36,12.6,Satisfactory,26,0
2019-03-18,35.88,67.49,68.0,25.5,26.7,5.86,14.02,0.0,61.03,11.9,Satisfactory,32,0
2019-03-19,41.58,77.94,71.0,26.4,28.2,12.78,12.4,0.0,60.55,12.9,Satisfactory,38,0
2019-03-20,72.22,64.59,89.0,26.4,27.4,31.74,6.93,0.0,62.65,15.1,Satisfactory,17,1
2019-03-21,23.63,44.18,96.0,27.1,28.1,33.5,1.13,0.0,50.22,12.1,Satisfactory,25,0
2019-03-22,27.32,51.39,48.0,26.0,24.7,37.51,1.31,0.0,52.91,11.6,Good,24,0
2019-03-23,34.38,60.03,58.0,25.6,24.7,36.24,1.21,0.0,57.44,12.1,Satisfactory,23,1
2019-03-24,32.61,55.01,54.0,25.4,25.6,26.07,1.19,0.0,68.12,12.5,Satisfactory,20,0
2019-03-25,48.84,83.41,70.0,25.0,26.5,16.44,1.15,0.0,84.18,13.9,Satisfactory,28,0
2019-03-26,50.7,83.65,96.0,27.5,28.5,25.65,1.18,0.0,69.54,12.2,Satisfactory,19,0
2019-03-27,56.11,94.46,92.0,29.6,30.9,23.2,1.3,0.0,78.49,13.9,Satisfactory,23,0
2019-03-28,28.69,73.86,92.0,30.6,32.1,40.74,9.46,0.0,58.46,18.0,,41,0
2019-03-29,47.54,81.34,80.0,31.8,33.5,34.93,10.34,0.0,68.69,17.5,Satisfactory,27,0
2019-03-30,52.13,88.82,91.0,32.2,34.9,36.24,10.78,0.0,62.21,18.3,Satisfactory,13,0
2019-03-31,36.57,69.92,76.0,30.3,28.9,40.09,8.72,0.0,49.62,16.7,Satisfactory,6,0
2019-04-01,39.39,74.02,70.0,30.7,30.6,34.89,7.48,0.0,54.35,14.2,Satisfactory,25,0
2019-04-02,55.96,100.27,111.0,31.4,31.6,31.66,7.81,0.0,49.24,13.7,Moderate,43,0
2019-04-03,48.56,82.76,75.0,32.6,33.5,35.61,7.06,0.0,54.68,15.1,Satisfactory,26,0
2019-05-01,37.23,71.28,72.0,36.8,37.7,51.21,7.06,0.0,21.22,23.1,Satisfactory,28,0
2019-05-02,40.7,74.83,72.0,34.7,34.7,37.91,7.06,0.0,38.71,21.7,Satisfactory,37,0
2019-05-03,34.37,56.81,59.0,36.0,36.1,46.93,10.08,0.0,30.7,20.6,Satisfactory,30,0
2019-06-01,111.96,146.46,187.0,41.8,45.4,30.29,4.57,0.0,33.26,24.9,Moderate,21,0
2019-06-02,77.69,126.85,221.0,40.9,45.3,34.08,4.81,0.01,38.92,25.3,Poor,31,0
2019-06-03,65.2,135.54,116.0,39.8,42.5,35.5,6.24,0.02,40.32,25.6,Moderate,20,0
2019-07-01,59.71,110.55,113.0,38.9,44.7,32.98,26.73,0.02,48.84,28.0,Moderate,27,0
2019-07-02,53.73,108.3,104.0,39.5,43.6,38.93,23.75,0.02,44.47,27.1,Moderate,27,0
2019-07-03,66.76,140.92,143.0,39.0,44.9,22.67,15.89,0.02,54.47,29.4,Moderate,25,0
2019-08-01,36.08,110.73,85.0,30.6,37.3,13.12,19.22,0.02,93.58,25.5,Satisfactory,30,0
2019-08-02,24.26,105.33,115.0,29.1,36.2,16.3,29.91,0.02,94.31,25.5,Moderate,24,0
2019-08-03,30.67,91.18,90.0,31.5,38.1,15.15,15.88,0.02,85.34,24.6,Satisfactory,18,0
2019-09-01,19.43,128.6,136.0,31.9,39.1,14.46,23.93,0.02,96.79,26.0,Moderate,24,0
2019-09-02,17.44,115.61,74.0,32.7,39.0,18.91,9.92,0.02,88.63,25.7,Satisfactory,18,0
2019-09-03,30.93,182.67,125.0,33.5,40.8,21.31,7.11,0.02,84.46,26.0,Moderate,16,0
2019-10-01,37.76,73.53,82.0,28.5,32.8,16.8,25.8,0.02,86.86,21.5,Satisfactory,25,0
2019-10-02,42.99,75.21,72.0,30.7,35.4,22.93,31.18,0.02,85.58,20.5,Satisfactory,10,0
2019-10-03,39.19,68.91,81.0,30.9,35.1,31.29,25.94,0.02,80.07,21.0,Satisfactory,17,0
2019-11-01,141.68,236.69,297.0,29.0,30.8,24.28,34.48,0.02,74.7,18.5,Poor,14,0
2019-11-02,133.28,264.1,305.0,27.2,28.8,13.94,21.97,0.02,85.5,18.4,Very Poor,32,0
2019-11-03,186.53,322.17,337.0,27.8,29.9,17.99,27.15,0.02,81.86,17.5,Very Poor,25,0
2019-12-01,47.32,72.82,76.0,21.6,20.2,10.89,36.62,0.02,78.64,9.9,Satisfactory,6,0
2019-12-02,55.57,91.22,94.0,21.7,19.6,5.68,33.8,0.02,77.45,8.9,Satisfactory,19,0
2019-12-03,67.78,123.47,117.0,21.1,19.3,9.22,26.98,1.52,73.3,9.4,Moderate,32,0
